time,delta_f,delta_f_COI,P_BESS,P_Wind,SoH,Shortfall
0,0,-0.00499999999999945,0,0,0.8,0
0.1,3.85215758236246e-05,-0.00493170835399459,2.93744434940982e-07,3.12311647260213e-05,0.8,5.29575568659133e-07
0.2,0.000107379630009952,-0.00468713461286852,5.42871972355907e-06,0.000172778578635501,0.8,4.29548222220764e-06
0.3,0.000324434508358618,-0.00422521691464395,2.75685552004773e-05,0.000575518079401871,0.799999999999999,1.53339923420192e-05
0.4,0.000820346081020773,-0.00357854255604861,9.9302700509378e-05,0.00171820747680384,0.799999999999998,4.73074875531679e-05
0.5,0.00164025123107758,-0.00280724654045938,0.000302833683353039,0.00433601367026829,0.799999999999993,0.000125550792690606
0.6,0.00270519495104704,-0.00196996407285654,0.000789724794845639,0.00910366044293161,0.799999999999979,0.000278137286127871
0.7,0.00385250800607473,-0.00110768735601674,0.00177135267679529,0.0163033588152636,0.799999999999944,0.00052284528725119
0.8,0.00492136308625213,-0.000240907507098598,0.00348094786446639,0.0256899578767783,0.799999999999873,0.000858717165955281
0.9,0.00582799739698436,0.00062270896438732,0.00612602758867307,0.0366214972927178,0.799999999999742,0.00126711730741661
1,0.00658893339029465,0.00147671237520353,0.00985458140012431,0.0483592012370013,0.799999999999523,0.00172098398258999
1.1,0.00728572943962669,0.00230757364794165,0.0147486961656964,0.060354983942979,0.799999999999183,0.00219637610235281
1.2,0.00799901179501794,0.00309389957808826,0.0208429147517331,0.0723739223978534,0.799999999998691,0.00267981925393771
1.3,0.00875390699878187,0.00381250694826418,0.0281517830715378,0.0844122694821039,0.799999999998013,0.00316815583961371
1.4,0.00950730899897945,0.00444676429569024,0.0366886859322787,0.0964938423209291,0.799999999997115,0.00366231162308291
1.5,0.0101790141857239,0.00499176443300997,0.0464662899428294,0.108486895307408,0.799999999995962,0.0041597092986729
1.6,0.0107023580447396,0.00545343890263061,0.0574816149516036,0.120051839077409,0.79999999999452,0.00465019491827681
1.7,0.0110614412358767,0.00584275560139291,0.0696978983532392,0.130736831356278,0.799999999992755,0.00511757923022176
1.8,0.0112944116705982,0.00616893132322494,0.0830360245642167,0.140146921966267,0.799999999990634,0.00554523731668974
1.9,0.0114653041939083,0.00643560576335522,0.097381123496814,0.148077742505682,0.799999999988128,0.00592196701659406
2,0.0116252605336875,0.00664161048349321,0.112600321297832,0.154539826140347,0.799999999985212,0.00624463571004474
2.1,0.0117873020970438,0.00678505276719976,0.128561623227896,0.159673843641541,0.799999999981861,0.00651649464971141
2.2,0.011927427927344,0.0068676870797757,0.145144590510311,0.163620758942387,0.799999999978058,0.0067427287680609
2.3,0.0120075485051052,0.00689681385760421,0.162239510531824,0.166428026770784,0.799999999973786,0.00692619937854511
2.4,0.0120036162974291,0.00688380086547591,0.17973885289025,0.168040103641582,0.799999999969033,0.00706579541726482
2.5,0.0119216233721964,0.00684045160762592,0.197528646922576,0.168365124526031,0.79999999996379,0.0071579299774176
2.6,0.01179366226291,0.00677555157297949,0.215486222308609,0.167365944406677,0.799999999958049,0.00719979267024623
2.7,0.0116590102896386,0.00669351208474889,0.233485934809621,0.165116554441661,0.799999999951808,0.00719212704612254
2.8,0.0115433236195173,0.00659556282106566,0.251409386595706,0.161793304216316,0.799999999945068,0.00713988642724339
2.9,0.0114483921980713,0.00648240819885459,0.269154288167139,0.157612910233143,0.799999999937832,0.00705059392435808
3,0.0113570359293047,0.00635655810521385,0.286637514901511,0.15275905010835,0.799999999930106,0.00693160998931841
3.1,0.0112481964764877,0.00622298333795568,0.30379175515066,0.147340587316904,0.799999999921898,0.00678799667976465
3.2,0.0111119425199091,0.0060879287918203,0.320558841035546,0.141400203458724,0.799999999913218,0.0066220943545155
3.3,0.0109555598013067,0.00595683899975441,0.336884242936533,0.134960159601861,0.799999999904079,0.00643477324626696
3.4,0.0107983654255239,0.00583274998872674,0.352715787254491,0.128072035832445,0.799999999894492,0.00622734773151401
3.5,0.0106598621141984,0.00571604519169489,0.368006644637404,0.120839680623186,0.799999999884473,0.00600289604248677
3.6,0.0105491449923445,0.00560555184840883,0.382720025403293,0.113404789612174,0.799999999874036,0.00576625762580124
3.7,0.0104616532175139,0.00550017189103746,0.396832293533054,0.105908179979751,0.799999999863199,0.00552286596573831
3.8,0.0103841981722141,0.00540003761729246,0.410332538636059,0.0984525182854586,0.799999999851978,0.00527724548563996
3.9,0.0103041989347075,0.00530660086616175,0.423218961544031,0.0910880216874032,0.799999999840391,0.00503209127656884
4,0.0102171374894544,0.00522177447991323,0.435494232385447,0.0838263061733565,0.799999999828453,0.00478838648710495
4.1,0.0101281148626398,0.00514678636416854,0.44716227714578,0.0766703889455488,0.799999999816183,0.00454634352122463
4.2,0.0100474241695458,0.00508148336142433,0.458227769905696,0.0696410814050777,0.799999999803597,0.00430650347046002
4.3,0.00998358738569238,0.00502445479967917,0.468697847779672,0.0627849168524388,0.799999999790711,0.00407032947666414
4.4,0.00993832247767612,0.00497381126496332,0.478584338024778,0.0561617194944195,0.799999999777542,0.00384002115347037
4.5,0.00990615894657099,0.00492808881377149,0.487904739950678,0.0498222112793635,0.799999999764107,0.00361777512440487
4.6,0.00987830891030494,0.00488674465103922,0.496681202907119,0.0437905293199436,0.79999999975042,0.00340501359657758
4.7,0.00984794562431945,0.00485002176318639,0.504938053638767,0.0380616202509474,0.799999999736496,0.00320205136985197
4.8,0.00981359955117278,0.00481836055461482,0.512699235039482,0.03261336074748,0.79999999972235,0.00300834971323527
4.9,0.00977893912311734,0.0047917761106242,0.519986915240871,0.0274245995895011,0.799999999707995,0.00282313979089566
5,0.00974956809033367,0.00476958049873688,0.526821695625586,0.0224880258094988,0.799999999693443,0.00264601030842826
5.1,0.00972914012263848,0.004750572585277,0.53322387666804,0.0178113193075837,0.799999999678707,0.00247713025730933
5.2,0.0097171767223736,0.00473352431259455,0.539214721099071,0.0134078179719506,0.7999999996638,0.00231703704197028
5.3,0.00970964314629397,0.00471763976542805,0.544816828554284,0.0092839175715442,0.799999999648731,0.00216618505513288
5.4,0.00970156708190451,0.0047027223656404,0.550053406338829,0.00543133136006128,0.799999999633511,0.00202456328990874
5.5,0.00968987883762096,0.00468899270004708,0.554946924222692,0.001828334858888,0.799999999618151,0.00189160674251387
5.6,0.00967477011740159,0.00467671234135048,0.559517958469366,-0.00155176177446503,0.799999999602659,0.00176642161590679
5.7,0.00965897342815047,0.00466586122295221,0.563784827582956,-0.00473071298508315,0.799999999587045,0.00164815585558453
5.8,0.00964566988007065,0.00465605003810432,0.567764090171631,-0.00771988010376004,0.799999999571315,0.00153628311286957
5.9,0.00963644340093439,0.0046466854962568,0.57147147236701,-0.0105216920816417,0.799999999555479,0.00143065006837373
6,0.00963047761041724,0.00463725467026999,0.574922610669379,-0.0131361100501198,0.799999999539544,0.00133129608524207
6.1,0.00962529590190497,0.00462754261488785,0.578133198937966,-0.0155675177177989,0.799999999523516,0.00123818619820992
6.2,0.00961839527638397,0.0046176620320304,0.581118543589291,-0.0178278547015202,0.799999999507402,0.00115102943859691
6.3,0.00960868707676199,0.00460790104567232,0.583892885405386,-0.0199346120424673,0.799999999491208,0.00106928003174245
6.4,0.00959692039148585,0.00459850149140406,0.586468939561897,-0.0219055386107335,0.799999999474939,0.000992297373033857
6.5,0.00958497597173813,0.00458950570924044,0.588857918621332,-0.0237536035435398,0.799999999458602,0.000919549978623535
6.6,0.0095745991182894,0.00458075069620367,0.591069984881676,-0.0254851343545052,0.7999999994422,0.000850737998326023
6.7,0.00956639267449821,0.00457199106750905,0.593114834281442,-0.0271017894057715,0.79999999942574,0.000785773642765775
6.8,0.00955962582487868,0.0045630591418544,0.595002077842804,-0.0286046825520543,0.799999999409225,0.000724650549443039
6.9,0.00955285808411088,0.00455396132605368,0.596741251386299,-0.0299979464945636,0.799999999392659,0.00066729402063026
7,0.00954489809748549,0.00454486147549726,0.598341525575963,-0.0312897278321459,0.799999999376047,0.000613482550451905
7.1,0.00953548570417628,0.00453597541492656,0.599811353784174,-0.0324903971355273,0.799999999359392,0.000562876554586089
7.2,0.00952533262376654,0.00452744998671317,0.601158297891953,-0.0336094290184153,0.799999999342699,0.000515122071280683
7.3,0.00951558491785742,0.00451929921477801,0.602389132813419,-0.0346529921879525,0.799999999325969,0.00046995740746969
7.4,0.00950710237390129,0.00451142675361726,0.603510150822987,-0.0356235923462443,0.799999999309207,0.000427258802958796
7.5,0.00950000379246196,0.00450370913531728,0.604527478093999,-0.0365217178280995,0.799999999292415,0.000387005844148969
7.6,0.00949370922388448,0.00449608214230235,0.605447232545464,-0.0373482646751254,0.799999999275596,0.000349197267767498
7.7,0.00948738603647192,0.00448857879590814,0.606275467189951,-0.0381062253079579,0.799999999258753,0.000313772842254312
7.8,0.00948048074149166,0.0044813030931401,0.607017975463039,-0.03880076484818,0.799999999241888,0.000280585851042958
7.9,0.00947301164175296,0.00447436371737719,0.607680104264277,-0.0394378770479466,0.799999999225004,0.000249434856710806
8,0.00946548277887538,0.00446781226666193,0.608266694522229,-0.040022620310041,0.799999999208102,0.000220127383179558
8.1,0.00945852181591933,0.00446162183233012,0.608782176316754,-0.0405580428958451,0.799999999191185,0.000192533162986397
8.2,0.00945249303642703,0.00445571313363313,0.60923074974509,-0.0410453470796283,0.799999999174254,0.000166596599899704
8.3,0.00944731692221756,0.00445000645391547,0.609616540663817,-0.0414850356028701,0.799999999157312,0.00014230632690293
8.4,0.0094425744448734,0.0044444654278275,0.609943649568452,-0.0418782390364025,0.79999999914036,0.000119645349016206
8.5,0.0094377958552494,0.00443910818687665,0.61021608527658,-0.042227424541895,0.7999999991234,9.8553526935663e-05
8.6,0.00943273883896589,0.00443398395145733,0.610437643460316,-0.0425361590809797,0.799999999106432,7.89225875501565e-05
8.7,0.00942749388810893,0.00442913376600962,0.610611813839937,-0.0428082006268024,0.79999999908946,6.06219704236685e-05
8.8,0.00942237868337137,0.00442456084382981,0.61074177110534,-0.0430465482499969,0.799999999072483,4.35359291983684e-05
8.9,0.00941771274649561,0.00442022683078136,0.610830447481744,-0.0432530189740741,0.799999999055503,2.75883923956943e-05
9,0.00941362161171466,0.00441607278846012,0.610880636832065,-0.0434285306644115,0.799999999038521,1.27425404105042e-05
9.1,0.00940998192894837,0.00441204929114702,0.610895068308057,-0.0435738293732977,0.799999999021538,-1.02124781753421e-06
9.2,0.00940652064494452,0.00440813678447838,0.61087641386023,-0.0436901732398289,0.799999999004556,-1.37331706002721e-05
9.3,0.00940298886235036,0.00440434565408543,0.6108272376679,-0.0437795771270617,0.799999998987574,-2.54503893716285e-05
9.4,0.00939929785663818,0.00440069882966521,0.61074992859223,-0.0438445348222248,0.799999998970594,-3.62539530196493e-05
9.5,0.00939554241057849,0.0043972096318956,0.610646661088275,-0.0438874545094887,0.799999998953616,-4.62307479238699e-05
9.6,0.00939191321248645,0.0043938686153433,0.610519407009744,-0.0439101797012074,0.799999998936642,-5.54531600763798e-05
9.7,0.00938856513914565,0.00439064596599037,0.610369987685032,-0.0439138664883528,0.799999998919672,-6.39687436791993e-05
9.8,0.00938552505619916,0.0043875059415166,0.610200133371759,-0.0438992410660765,0.799999998902706,-7.18046143893813e-05
9.9,0.00938268803480913,0.00438442322076016,0.610011517343274,-0.0438670343271672,0.799999998885745,-7.89819698877592e-05
10,0.00937989211043933,0.00438139128239312,0.609805751264953,-0.0438183139494148,0.799999998868789,-8.553080899798e-05
10.1,0.057600595222824,0.0627637501646749,0.609936302462992,-0.00588592540270167,0.799999998851838,0.000546072518830809
10.2,0.112048663194026,0.118952244442095,0.615971975446412,0.161867607261299,0.799999998834824,0.00510817911504493
10.3,0.171930503251333,0.17295436036675,0.639881135111157,0.466500693989132,0.799999998817423,0.0148939717480209
10.4,0.232462737420264,0.224260942809329,0.694825734359924,0.900148484047118,0.799999998798957,0.0298868867287501
10.5,0.28866282045607,0.272320722556507,0.793210173951986,1.44110631154074,0.799999998778385,0.0495051442960577
10.6,0.337319806409093,0.316603482988493,0.945342102226678,2.05680462953978,0.799999998754352,0.0726793284021471
10.7,0.377182737701637,0.356710028189956,1.15847173008406,2.71071786283154,0.799999998725254,0.0980759751683143
10.8,0.408888310067174,0.392513370113673,1.43645223678795,3.36869266114998,0.799999998689335,0.124349738560831
10.9,0.434827126606696,0.424090288700274,1.779990877671,4.00425636069346,0.799999998644775,0.150362526121708
11,0.458077225927761,0.451421906344868,2.18739583922333,4.60218839170348,0.799999998589771,0.175353939817357
11.1,0.480536423096923,0.474286001989133,2.65561183795781,5.15783028796087,0.799999998522588,0.198985518344971
11.2,0.501665343620861,0.492482801622296,3.18112860831519,5.67130683777611,0.799999998441585,0.221192648708645
11.3,0.519033701784871,0.50613114513699,3.76033377513463,6.14004079788053,0.799999998345217,0.241912415224002
11.4,0.53027820701626,0.51574271864796,4.38922179712561,6.55491571248215,0.799999998232046,0.260873633986761
11.5,0.534873753627108,0.522052141414991,5.06282503516605,6.90265019117656,0.799999998100758,0.277596906777092
11.6,0.534475178196103,0.525796606565032,5.7749068916536,7.1720839528681,0.799999997950194,0.291586789823391
11.7,0.531861020018703,0.527571331973525,6.5182204834139,7.35961630144888,0.799999997779382,0.302562264204617
11.8,0.529431352701926,0.527771563475643,7.28522090251048,7.47044695132248,0.79999999758756,0.310570413094167
11.9,0.52820778207418,0.526613243229695,8.06884899758163,7.51554702586863,0.799999997374169,0.31593171828246
12,0.527717470291689,0.524221355149512,8.86301988012167,7.50669531988974,0.799999997138834,0.31907394364376
12.1,0.526614103019596,0.520744692470926,9.6626641560603,7.45235172857032,0.799999996881334,0.320357338760749
12.2,0.523619722453472,0.516432193186134,10.463414256575,7.35614680173532,0.79999999660158,0.319975709430873
12.3,0.518313259278269,0.51163045629104,11.2611791679705,7.21825895867646,0.799999996299596,0.317966794575865
12.4,0.511395871944254,0.506708988272375,12.051863764198,7.03858182145715,0.799999995975524,0.314309965525561
12.5,0.504317011641719,0.501952838388864,12.8313794679596,6.81980775025884,0.799999995629617,0.309049616629258
12.6,0.498520888878301,0.497516707488838,13.5959201746429,6.56869450670082,0.799999995262239,0.302373568704611
12.7,0.494947995191791,0.493648466293467,14.34233190608,6.29517327005171,0.799999994873853,0.294609304818204
12.8,0.493173117658285,0.490275762953296,15.0683881381636,6.00974869101902,0.799999994464996,0.286152885164503
12.9,0.49205434367387,0.487303803784073,15.7727963244051,5.71980424576004,0.799999994036253,0.277333621698769
13,0.49054112164999,0.484734196430209,16.4549061548074,5.42845189818101,0.799999993588237,0.268330736592485
13.1,0.48825149799761,0.482638512617012,17.1143330318274,5.13576373485822,0.799999993121572,0.259186475273324
13.2,0.485583188188093,0.481090952722252,17.75070516792,4.84122903065557,0.799999992636895,0.249884426822742
13.3,0.483361590631654,0.480105150215832,18.3636322526571,4.54588558924957,0.799999992134852,0.240438715893354
13.4,0.482291135153479,0.479607657323899,18.9528543660757,4.25298272356865,0.799999991616098,0.230942446908681
13.5,0.482543600498453,0.479460641546692,19.5184350067324,3.96702489057382,0.799999991081293,0.221554338706685
13.6,0.483695258569194,0.479519266323614,20.0608574678976,3.69196937152092,0.799999990531089,0.212440066343628
13.7,0.485006925784387,0.479687422315261,20.5809585528683,3.42972334807847,0.799999989966118,0.203707944405348
13.8,0.485850785356773,0.479939033099835,21.0797358030825,3.17978030533684,0.799999989386987,0.195376885409189
13.9,0.486026817621199,0.480298214965641,21.5581340485146,2.94009683630335,0.799999988794275,0.187391971677254
14,0.485802768275023,0.480796324205618,22.0169190003234,2.70859750919504,0.799999988188537,0.17967432093187
14.1,0.48568677430374,0.481432612820926,22.456686336263,2.48440818771717,0.799999987570312,0.172174002433166
14.2,0.486092122677384,0.482159686488748,22.8779746647139,2.26817242893039,0.799999986940118,0.164896530915474
14.3,0.487097339016801,0.482900010630832,23.2813975504201,2.06139702516831,0.799999986298463,0.157891727502186
14.4,0.488428167967597,0.483581042774428,23.6677106080001,1.86532980237438,0.799999985645832,0.151216340014795
14.5,0.489646119107295,0.484165725426156,23.9999995494823,1.71786135392172,0.799999984982744,0.182673866431962
14.6,0.490410437338656,0.484660628710654,23.9999995294663,1.89694267451021,0.799999984315544,0.531372048489039
14.7,0.490654209011904,0.48510031264894,23.9999995094503,2.06917524297326,0.799999983648344,0.865717429067077
14.8,0.490584921855453,0.485520106002929,23.9999994894343,2.23349098889643,0.799999982981144,1.18623493683437
14.9,0.490531095352831,0.485933404758565,23.9999994694183,2.38957821732316,0.799999982313945,1.4933354234735
15,0.490740463012324,0.486325059822218,23.9999994494023,2.53806129211863,0.799999981646745,1.78741131179154
15.1,0.491249185252923,0.486662758885709,23.9999994293863,2.68012257511573,0.799999980979545,2.06891294576203
15.2,0.491887353598353,0.486917942585141,23.9999994093703,2.81684938655464,0.799999980312345,2.33836576114368
15.3,0.492401444921481,0.487082823587515,23.9999993893543,2.94871140557399,0.799999979645145,2.59632684385082
15.4,0.492610195803656,0.487173908628002,23.9999993693383,3.07545151244411,0.799999978977945,2.8433140943638
15.5,0.492501152301639,0.487221675310773,23.9999993493223,3.19640415131679,0.799999978310745,3.07975285489832
15.6,0.492220015017658,0.487253932114079,23.9999993293064,3.31101012877556,0.799999977643545,3.30596957016171
15.7,0.491971570149174,0.487282773211289,23.9999993092904,3.41921244816651,0.799999976976345,3.52223174786536
15.8,0.491898863007117,0.487301903405551,23.9999992892744,3.52152272782771,0.799999976309145,3.72880719607065
15.9,0.492011698961403,0.487294692445328,23.9999992692584,3.61875947174749,0.799999975641945,3.92600768042387
16,0.492199229540585,0.487247135172547,23.9999992492424,3.71164542659062,0.799999974974745,4.11419501196868
16.1,0.492309478688258,0.487157612000511,23.9999992292264,3.80050910569794,0.799999974307545,4.29375140731072
16.2,0.492242546986554,0.487038198557266,23.9999992092104,3.88524717548082,0.799999973640346,4.46503592866616
16.3,0.492002832865407,0.486907870611358,23.9999991891944,3.96553723769107,0.799999972973146,4.62835400213505
16.4,0.491685559196897,0.486782470197111,23.9999991691784,4.04114944650149,0.799999972305946,4.78395623485915
16.5,0.491413177806438,0.48666744064873,23.9999991491624,4.1121675927832,0.799999971638746,4.93206406585122
16.6,0.491263729727176,0.486557098287949,23.9999991291464,4.17900449539544,0.799999970971546,5.07290476332573
16.7,0.491232767128846,0.486440147348949,23.9999991091304,4.24222703185559,0.799999970304347,5.20673499506736
16.8,0.49124649595243,0.486307600621499,23.9999990891144,4.30231238358277,0.799999969637147,5.333841099714
16.9,0.491212617126896,0.486158285806187,23.9999990690984,4.35948178661523,0.799999968969947,5.45451878074858
17,0.491075488102366,0.485999092781697,23.9999990490824,4.41369673782885,0.799999968302747,5.56904627252495
17.1,0.490843740411112,0.485840500697948,23.9999990290664,4.46480018274724,0.799999967635547,5.6776670321746
17.2,0.490577977099033,0.485690519683896,23.9999990090504,4.51270493740781,0.799999966968348,5.78059065768679
17.3,0.49035033963864,0.485550668532742,23.9999989890344,4.55751652835331,0.799999966301148,5.87800932139363
17.4,0.49020228445929,0.485416039248726,23.9999989690184,4.59952845169135,0.799999965633948,5.97011851080721
17.5,0.490124779683138,0.485278959349639,23.9999989490024,4.63910776461498,0.799999964966748,6.0571297594188
17.6,0.490069518934438,0.485133756347578,23.9999989289864,4.67654912653034,0.799999964299548,6.1392690735911
17.7,0.489981090470931,0.484979775846606,23.9999989089704,4.71198406631508,0.799999963632348,6.21676364669559
17.8,0.489829313670215,0.484821151384118,23.9999988889544,4.74539053117582,0.799999962965148,6.28982580723655
17.9,0.489623346300927,0.484663866878143,23.9999988689385,4.77668538716292,0.799999962297948,6.35864365928198
18,0.489401739034551,0.484512114191687,23.9999988489225,4.80583747915105,0.799999961630748,6.42338294744236
18.1,0.489206976656825,0.484366095664801,23.9999988289065,4.83293467064419,0.799999960963549,6.48419776754163
18.2,0.489060828609866,0.484222351418828,23.9999988088905,4.85817241597565,0.799999960296349,6.54124301337536
18.3,0.488954420750781,0.484076135072936,23.9999987888745,4.88177988102785,0.799999959629149,6.59468132440249
18.4,0.488856917278674,0.483924244436218,23.9999987688585,4.90393320441108,0.799999958961949,6.64468129876519
18.5,0.488735656090244,0.483766637411831,23.9999987488425,4.92470688098933,0.799999958294749,6.6914090960783
18.6,0.488574918597662,0.483606059800273,23.9999987288265,4.9440864816159,0.799999957627549,6.7350190658429
18.7,0.488382825515371,0.483446140123128,23.9999987088105,4.96202826392986,0.799999956960349,6.77564892347468
18.8,0.488183862143643,0.483289218687866,23.9999986887945,4.9785262935086,0.799999956293149,6.8134217548558
18.9,0.48800300363091,0.483135173506066,23.9999986687785,4.99364813973613,0.79999995562595,6.84845297983563
19,0.487851467836281,0.482981791423504,23.9999986487625,5.00752273056599,0.79999995495875,6.88085781373112
19.1,0.487721999042234,0.482826290864224,23.9999986287465,5.02029310012153,0.79999995429155,6.91075501938717
19.2,0.487595223867587,0.482666991059477,23.9999986087305,5.03206519007068,0.79999995362435,6.93826535619424
19.3,0.487452139944761,0.482504157422592,23.9999985887145,5.04288237652337,0.79999995295715,6.96350633887421
19.4,0.487284900143398,0.482339640263341,23.9999985686985,5.0527372086884,0.79999995228995,6.98658682398802
19.5,0.487099963504317,0.482175657970368,23.9999985486825,5.06160930255386,0.79999995162275,7.00760461809644
19.6,0.486912735920209,0.482013518481383,23.9999985286665,5.06950477980155,0.79999995095555,7.02664819955
19.7,0.486737766935147,0.481853011916977,23.9999985086505,5.07647470861745,0.79999995028835,7.04380117455029
19.8,0.486580607899362,0.481692739403994,23.9999984886345,5.08260463794605,0.799999949621151,7.05914669690047
19.9,0.48643576160784,0.481531079483821,23.9999984686185,5.08798469436372,0.799999948953951,7.0727694312252
20,0.48629116002033,0.48136716514825,23.9999984486025,5.09267962562654,0.799999948286751,7.08475432371765
20.1,0.486135841410007,0.481201313051888,23.9999984285865,5.09671588137102,0.799999947619551,7.0951833454649
20.2,0.485966076836042,0.481034726251617,23.9999984085705,5.10009108173314,0.799999946952351,7.10413238411059
20.3,0.485786647234909,0.480868727106332,23.9999983885545,5.10279784727184,0.799999946285151,7.11167011172774
20.4,0.485607126253873,0.480704012872529,23.9999983685385,5.10484675554024,0.799999945617951,7.11785931096428
20.5,0.485435881469803,0.480540354395731,23.9999983485225,5.10627551088138,0.799999944950751,7.12275968292471
20.6,0.485275478978442,0.480376856462672,23.9999983285065,5.10714080067952,0.799999944283551,7.12643043193193
20.7,0.485121936879318,0.480212564690607,23.9999983084905,5.10749957871006,0.799999943616351,7.12893125090914
20.8,0.484967791202384,0.480047031865838,23.9999982884745,5.10739172048911,0.799999942949151,7.13032140313787
20.9,0.484806773384044,0.479880525996818,23.9999982684585,5.10683378243468,0.799999942281951,7.13065771284409
21,0.484637245308123,0.47971380480144,23.9999982484425,5.10582611255436,0.799999941614751,7.12999279788007
21.1,0.484462586974638,0.479547637258943,23.9999982284265,5.10436769454307,0.799999940947551,7.12837457781243
21.2,0.484288681925343,0.479382374889298,23.9999982084105,5.10246938077456,0.799999940280351,7.12584723903184
21.3,0.484120279015521,0.479217810806076,23.9999981883945,5.10015820599827,0.799999939613151,7.12245298574398
21.4,0.483958435006659,0.479053372479571,23.9999981683785,5.09747142278669,0.799999938945951,7.11823353709265
21.5,0.483800363384973,0.478888498681485,23.9999981483625,5.09444490872793,0.799999938278751,7.11323059781093
21.6,0.483641486995728,0.478722963939521,23.9999981283465,5.091103238831,0.799999937611551,7.10748520450814
21.7,0.483478262422488,0.478556972080568,23.9999981083305,5.08745689378114,0.799999936944351,7.1010364992799
21.8,0.483310076618926,0.478390993442357,23.9999980883145,5.08350735772516,0.799999936277151,7.09392074020561
21.9,0.483139248070935,0.478225469328986,23.9999980682985,5.07925627914579,0.799999935609951,7.0861711247037
22,0.48296935936728,0.478060567933258,23.9999980482825,5.07471301499705,0.799999934942751,7.07781846850783
22.1,0.482803070204468,0.477896124552912,23.9999980282665,5.06989647899145,0.799999934275551,7.06889228953943
22.2,0.482640717606692,0.477731778138052,23.9999980082505,5.06483094448013,0.799999933608352,7.0594216681925
22.3,0.482480405472979,0.477567202957146,23.9999979882345,5.05953893339977,0.799999932941152,7.04943545677121
22.4,0.48231935383331,0.477402292059331,23.9999979682185,5.05403560441097,0.799999932273952,7.03896183106785
22.5,0.482155588862265,0.477237193861862,23.9999979482025,5.04832766998552,0.799999931606752,7.02802755092878
22.6,0.48198897101841,0.477072198710271,23.9999979281866,5.04241693061296,0.799999930939552,7.01665741694285
22.7,0.481821055699488,0.476907558068718,23.9999979081706,5.03630587552409,0.799999930272352,7.00487423906416
22.8,0.481654005907822,0.47674334740142,23.9999978881546,5.03000192887157,0.799999929605152,6.9926993025454
22.9,0.481489289570447,0.476579445603054,23.9999978681386,5.02351810128013,0.799999928937952,6.98015303415736
23,0.481326928771864,0.476415628744126,23.9999978481226,5.01687012074823,0.799999928270752,6.96725549225009
23.1,0.481165661946564,0.476251711041725,23.9999978281066,5.01007211110259,0.799999927603552,6.95402644860291
23.2,0.481003817119047,0.476087647096701,23.9999978080906,5.00313346398388,0.799999926936352,6.94048508917272
23.3,0.480840313780923,0.475923541817741,23.9999977880746,4.99605855277665,0.799999926269152,6.92664957349999
23.4,0.480675207696585,0.475759573481971,23.9999977680586,4.98884912081767,0.799999925601952,6.9125367432179
23.5,0.480509523436801,0.475595884198882,23.9999977480426,4.98150767365351,0.799999924934752,6.89816214942233
23.6,0.480344555530571,0.47543250408365,23.9999977280266,4.97403983373855,0.799999924267553,6.88354036587547
23.7,0.480181099874039,0.475269348286844,23.9999977080106,4.96645445133938,0.799999923600353,6.86868539541917
23.8,0.48001906129912,0.475106279836629,23.9999976879946,4.95876168710124,0.799999922933153,6.85361094622606
23.9,0.479857615512885,0.47494319459444,23.9999976679786,4.9509704100516,0.799999922265953,6.83833045464277
24,0.479695766624394,0.474780077270276,23.9999976479626,4.94308648267797,0.799999921598753,6.82285688966595
24.1,0.47953293532717,0.474617000059957,23.9999976279466,4.93511281051227,0.799999920931553,6.80720249344166
24.2,0.479369239194571,0.474454071580011,23.9999976079306,4.92705092331152,0.799999920264353,6.79137862932491
24.3,0.479205342509864,0.474291371166258,23.9999975879146,4.91890301059753,0.799999919597153,6.77539582649055
24.4,0.479042012863057,0.474128907724375,23.9999975678986,4.910673204758,0.799999918929953,6.7592639868236
24.5,0.478879672212407,0.473966623629907,23.9999975478826,4.90236747801969,0.799999918262753,6.74299263090527
24.6,0.478718198686345,0.473804436045167,23.9999975278666,4.89399238465712,0.799999917595553,6.72659105184361
24.7,0.478557061842128,0.473642287617521,23.9999975078506,4.88555350918503,0.799999916928353,6.71006831335391
24.8,0.478395674280996,0.473480176542984,23.9999974878346,4.87705454495515,0.799999916261153,6.6934331242502
24.9,0.478233733394723,0.473318151342811,23.9999974678186,4.86849745722974,0.799999915593953,6.67669368746584
25,0.478071359828686,0.473156277574222,23.9999974478026,4.85988351244184,0.799999914926753,6.6598576239016
25.1,0.477908978256741,0.472994598817472,23.9999974277866,4.85121448811973,0.799999914259553,6.64293201622683
25.2,0.477747039347354,0.472833114858762,23.9999974077706,4.84249335727127,0.799999913592353,6.62592354354475
25.3,0.477585760352001,0.472671787435941,23.9999973877546,4.83372412499964,0.799999912925153,6.60883862912703
25.4,0.477425029806972,0.472510566959333,23.9999973677386,4.82491101644375,0.799999912257954,6.59168352489406
25.5,0.477264510887676,0.47234942246015,23.9999973477226,4.81605756041159,0.799999911590754,6.5744643010957
25.6,0.477103860659178,0.472188357308012,23.9999973277066,4.8071661068213,0.799999910923554,6.55718676702246
25.7,0.476942926412549,0.472027403452308,23.9999973076906,4.79823800409947,0.799999910256354,6.53985638435928
25.8,0.476781810021104,0.471866600052506,23.9999972876746,4.78927425944524,0.799999909589154,6.522478231199
25.9,0.476620779537412,0.471705970554098,23.9999972676586,4.78027625099073,0.799999908921954,6.50505703854273
26,0.476460096763093,0.471545511464105,23.9999972476426,4.77124608302368,0.799999908254754,6.48759727686236
26.1,0.476299869116076,0.471385197816993,23.9999972276266,4.7621864277832,0.799999907587554,6.4701032441586
26.2,0.476140007248027,0.471225000207731,23.9999972076106,4.75310000847091,0.799999906920354,6.45257911162986
26.3,0.475980299832546,0.471064902293822,23.9999971875946,4.74398906374576,0.799999906253154,6.43502891219407
26.4,0.475820548819322,0.470904908730801,23.9999971675786,4.73485510345116,0.799999905585954,6.41745649114939
26.5,0.475660680831674,0.470745040170661,23.9999971475626,4.72569906202396,0.799999904918754,6.39986545723195
26.6,0.475500774120152,0.470585319730749,23.9999971275466,4.7165217165745,0.799999904251554,6.38225916723722
26.7,0.475340995877782,0.470425759672349,23.9999971075306,4.70732410174964,0.799999903584354,6.36464075401107
26.8,0.475181496424198,0.470266355860455,23.9999970875146,4.69810768746338,0.799999902917154,6.34701318149193
26.9,0.475022325729091,0.470107092224842,23.9999970674986,4.68887424873651,0.799999902249954,6.32937929681377
27,0.474863417148624,0.469947951478006,23.9999970474826,4.67962554071265,0.799999901582754,6.31174185454819
27.1,0.474704639548584,0.469788925226089,23.9999970274666,4.67036298921917,0.799999900915554,6.2941035068313
27.2,0.474545879881572,0.469630017780343,23.9999970074506,4.66108757297115,0.799999900248354,6.27646677311344
27.3,0.474387105505164,0.469471242256814,23.9999969874346,4.65179994304099,0.799999899581154,6.25883401303691
27.4,0.474228373168745,0.469312612114331,23.9999969674186,4.64250068446489,0.799999898913954,6.24120742115426
27.5,0.474069785975567,0.469154133506994,23.9999969474026,4.63319055524544,0.799999898246754,6.2235890473308
27.6,0.473911429106999,0.468995802713557,23.9999969273866,4.62387057066833,0.799999897579554,6.20598083141404
27.7,0.473753323492565,0.468837609497891,23.9999969073706,4.61454190482769,0.799999896912354,6.18838463384361
27.8,0.473595421667583,0.46867954377241,23.9999968873546,4.60520568873847,0.799999896245154,6.17080224824723
27.9,0.47343764309567,0.468521601365268,23.9999968673386,4.59586283372408,0.799999895577954,6.15323539387308
28,0.473279924074327,0.468363785712611,23.9999968473226,4.58651397880392,0.799999894910755,6.13568569732294
28.1,0.47312225202602,0.468206105001012,23.9999968273066,4.57715957819605,0.799999894243555,6.11815467787818
28.2,0.472964666514641,0.46804856693774,23.9999968072906,4.56780006320675,0.799999893576355,6.10064374681876
28.3,0.472807230416711,0.467891174418777,23.9999967872746,4.55843597825765,0.799999892909155,6.08315422179047
28.4,0.472649991275748,0.467733924455793,23.9999967672586,4.54906801757114,0.799999892241955,6.06568734846103
28.5,0.472492956046877,0.467576810583165,23.9999967472426,4.53969695446597,0.799999891574755,6.0482443183812
28.6,0.472336092014763,0.467419826952975,23.9999967272266,4.5303235173436,0.799999890907555,6.03082627536399
28.7,0.472179350205149,0.467262971578442,23.9999967072106,4.52094829027635,0.799999890240355,6.01343431006979
28.8,0.4720226952388,0.467106246980881,23.9999966871946,4.51157169265556,0.799999889573155,5.99606944915261
28.9,0.471866123830672,0.466949658181948,23.9999966671786,4.5021940406977,0.799999888905955,5.97873264756936
29,0.471709662762004,0.466793209508209,23.9999966471626,4.49281564657144,0.799999888238755,5.96142478973036
29.1,0.471553349954862,0.466636902173811,23.9999966271466,4.48343689476898,0.799999887571555,5.9441466993658
29.2,0.471397211473507,0.466480733925673,23.9999966071306,4.4740582555598,0.799999886904355,5.92689915295424
29.3,0.471241248057086,0.466324700707349,23.9999965871147,4.46468023604232,0.799999886237155,5.90968289007768
29.4,0.47108543771075,0.466168799147115,23.9999965670987,4.45530330479647,0.799999885569955,5.89249861655153
29.5,0.470929750940335,0.466013028353512,23.9999965470827,4.44592783681503,0.799999884902755,5.87534700073176
29.6,0.470774168424126,0.46585739007704,23.9999965270667,4.4365541081793,0.799999884235555,5.85822866717978
29.7,0.470618690749597,0.46570188734249,23.9999965070507,4.42718233800762,0.799999883568355,5.84114419280839
29.8,0.47046333562516,0.465546522518118,23.9999964870347,4.41781274852828,0.799999882901155,5.82409410854294
29.9,0.47030812566346,0.46539129598962,23.9999964670187,4.40844560729124,0.799999882233955,5.8070789059678
30,0.470153074842089,0.465236206124137,23.9999964470027,4.39908123003055,0.799999881566755,5.79009904559812
30.1,0.469998181519965,0.465081250388905,23.9999964269867,4.38971994770157,0.799999880899555,5.77315496284699
30.2,0.469843431198941,0.464926426846485,23.9999964069707,4.38036206119567,0.799999880232355,5.75624706949953
30.3,0.469688806284402,0.464771735130054,23.9999963869547,4.37100781140583,0.799999879565155,5.73937575128639
30.4,0.469534296431023,0.464617176402821,23.9999963669387,4.36165738021445,0.799999878897955,5.72254136425997
30.5,0.469379903505646,0.464462752449013,23.9999963469227,4.35231091843846,0.799999878230755,5.70574423299228
30.6,0.469225638987891,0.464308464519791,23.9999963269067,4.34296858186343,0.799999877563556,5.68898465217197
30.7,0.46907151620017,0.464154312620896,23.9999963068907,4.33363055414492,0.799999876896356,5.6722628910128
30.8,0.468917542426223,0.464000295597705,23.9999962868747,4.32429704539127,0.799999876229156,5.6555791983186
30.9,0.468763715423676,0.463846411870805,23.9999962668587,4.31496827044659,0.799999875561956,5.63893380590205
31,0.468610025788807,0.463692660325088,23.9999962468427,4.305644421971,0.799999874894756,5.6223269292401
31.1,0.468456463121947,0.463539040826955,23.9999962268267,4.29632565454509,0.799999874227556,5.60575876592886
31.2,0.46830302201365,0.463385554117379,23.9999962068107,4.2870120877738,0.799999873560356,5.58922949365924
31.3,0.46814970446421,0.46323220122016,23.9999961867947,4.27770382454668,0.799999872893156,5.57273926947289
31.4,0.467996517782449,0.463078982758658,23.9999961667787,4.2684009724286,0.799999872225956,5.55628823108867
31.5,0.467843469712836,0.462925898584277,23.9999961467627,4.25910365580405,0.799999871558756,5.53987649978913
31.6,0.467690563900597,0.462772947890344,23.9999961267467,4.2498120131631,0.799999870891556,5.52350418350438
31.7,0.467537798243423,0.462620129687047,23.9999961067307,4.24052618305345,0.799999870224356,5.50717137876034
31.8,0.467385166721074,0.462467443324749,23.9999960867147,4.23124628825815,0.799999869557156,5.49087817094508
31.9,0.467232663238137,0.462314888758808,23.9999960666987,4.22197242760632,0.799999868889956,5.47462463335227
32,0.467080285045912,0.462162466437943,23.9999960466827,4.21270467932564,0.799999868222756,5.458410826083
32.1,0.466928033841746,0.462010176924377,23.9999960266667,4.20344311278035,0.799999867555556,5.4422367958187
32.2,0.46677591419973,0.461858020494854,23.9999960066507,4.19418780103327,0.799999866888356,5.42610257684112
32.3,0.466623930548438,0.461705996952844,23.9999959866347,4.18493882710097,0.799999866221156,5.41000819290141
32.4,0.46647208459939,0.461554105734158,23.9999959666187,4.1756962812266,0.799999865553956,5.39395365908781
32.5,0.466320374634821,0.4614023462094,23.9999959466027,4.16646025193913,0.799999864886756,5.37793898292996
32.6,0.466168796838168,0.461250717987188,23.9999959265867,4.1572308168663,0.799999864219556,5.36196416449055
32.7,0.466017347661468,0.461099221044969,23.9999959065707,4.14800803868499,0.799999863552356,5.34602919578904
32.8,0.465866025753264,0.460947855633592,23.9999958865547,4.13879196800634,0.799999862885156,5.33013406022809
32.9,0.465714832401115,0.460796622037607,23.9999958665387,4.12958265081341,0.799999862217956,5.31427873259836
33,0.465563770413757,0.460645520344971,23.9999958465227,4.12038013575369,0.799999861550756,5.2984631798254
33.1,0.465412842271273,0.460494550357238,23.9999958265067,4.11118447723628,0.799999860883556,5.28268736216804
33.2,0.465262048687015,0.460343711674005,23.9999958064907,4.10199573316124,0.799999860216356,5.26695123434378
33.3,0.465111388350548,0.460193003882736,23.9999957864747,4.09281395930971,0.799999859549157,5.25125474615199
33.4,0.464960858856872,0.460042426732615,23.9999957664587,4.08363920407788,0.799999858881957,5.23559784249361
33.5,0.464810458148152,0.459891980194871,23.9999957464427,4.07447150659277,0.799999858214757,5.21998046303346
33.6,0.464660185583327,0.459741664389579,23.9999957264267,4.06531089895069,0.799999857547557,5.20440254191641
33.7,0.464510042069416,0.459591479435822,23.9999957064107,4.0561574108692,0.799999856880357,5.18886400785973
33.8,0.464360029293198,0.459441425320906,23.9999956863947,4.04701107387007,0.799999856213157,5.17336478468208
33.9,0.464210148602501,0.459291501860859,23.9999956663787,4.03787192272593,0.799999855545957,5.15790479206502
34,0.464060400214367,0.45914170876305,23.9999956463627,4.02873999373443,0.799999854878757,5.14248394622814
34.1,0.463910783165583,0.458992045743906,23.9999956263467,4.01961532124413,0.799999854211557,5.1271021602791
34.2,0.463761295942583,0.458842512626761,23.9999956063307,4.01049793467994,0.799999853544357,5.111759344208
34.3,0.463611937348862,0.458693109367225,23.9999955863147,4.00138785775539,0.799999852877157,5.09645540469559
34.4,0.46346270708737,0.458543835999914,23.9999955662987,3.99228511010495,0.799999852209957,5.08119024498453
34.5,0.46331360575812,0.458394692546288,23.9999955462827,3.98318971015733,0.799999851542757,5.06596376499096
34.6,0.463164634345131,0.458245678941599,23.9999955262667,3.97410167750423,0.799999850875557,5.05077586166956
34.7,0.46301579354513,0.458096795019325,23.9999955062507,3.96502103351374,0.799999850208357,5.03562642949383
34.8,0.462867083342189,0.457948040556388,23.9999954862347,3.95594780009026,0.799999849541157,5.02051536085915
34.9,0.462718503041326,0.457799415344712,23.9999954662187,3.94688199754989,0.799999848873957,5.00544254627869
35,0.462570051684097,0.4576509192457,23.9999954462027,3.93782364296954,0.799999848206757,4.9904078743722
35.1,0.462421728565321,0.457502552198602,23.9999954261867,3.92877274992398,0.799999847539557,4.97541123176094
35.2,0.462273533542751,0.457354314183056,23.9999954061707,3.91972932962886,0.799999846872357,4.96045250301836
35.3,0.462125466987867,0.457206205163629,23.9999953861547,3.91069339269631,0.799999846205157,4.94553157077184
35.4,0.461977529448854,0.457058225049345,23.9999953661387,3.90166495045655,0.799999845537957,4.93064831594987
35.5,0.461829721253493,0.456910373689773,23.9999953461227,3.89264401516888,0.799999844870757,4.91580261808258
35.6,0.461682042287737,0.456762650906084,23.9999953261067,3.8836305991653,0.799999844203558,4.90099435554124
35.7,0.461534492049998,0.456615056533921,23.9999953060907,3.87462471356897,0.799999843536358,4.88622340564774
35.8,0.461387069924118,0.456467590453269,23.9999952860747,3.86562636739338,0.799999842869158,4.87148964466466
35.9,0.461239775481193,0.456320252589376,23.9999952660587,3.85663556751585,0.799999842201958,4.85679294774048
36,0.461092608640395,0.456173042887592,23.9999952460427,3.84765231945127,0.799999841534758,4.84213318889824
36.1,0.460945569610494,0.456025961279882,23.9999952260267,3.83867662841454,0.799999840867558,4.82751024111804
36.2,0.460798658673039,0.455879007662829,23.9999952060107,3.82970850004412,0.799999840200358,4.81292397650149
36.3,0.460651875950768,0.455732181898932,23.9999951859948,3.82074794043561,0.799999839533158,4.79837426645846
36.4,0.460505221294483,0.455585483837068,23.9999951659788,3.81179495556678,0.799999838865959,4.78386098184873
36.5,0.460358694339269,0.455438913338096,23.9999951459628,3.80284955053316,0.799999838198759,4.76938399304305
36.6,0.460212294676859,0.455292470290991,23.9999951259468,3.79391172907064,0.799999837531559,4.75494316991619
36.7,0.460066022031269,0.455146154610298,23.9999951059308,3.78498149361604,0.799999836864359,4.74053838182022
36.8,0.459919876339093,0.454999966220077,23.9999950859148,3.77605884582131,0.79999983619716,4.72616949758949
36.9,0.459773857697382,0.454853905033925,23.9999950658988,3.76714378718749,0.79999983552996,4.71183638560302
37,0.459627966227227,0.454707970943496,23.9999950458828,3.7582363194534,0.79999983486276,4.69753891389225
37.1,0.459482201938988,0.454562163821126,23.9999950258668,3.74933644456116,0.79999983419556,4.68327695025621
37.2,0.459336564678381,0.454416483532899,23.9999950058508,3.74044416427818,0.79999983352836,4.66905036234484
37.3,0.459191054172686,0.454270929954159,23.9999949858348,3.73155947974915,0.799999832861161,4.65485901769292
37.4,0.459045670138419,0.454125502977698,23.9999949658188,3.72268239124889,0.799999832193961,4.64070278371588
37.5,0.458900412383001,0.453980202510762,23.9999949458028,3.71381289826447,0.799999831526761,4.62658152769797
37.6,0.458755280842599,0.453835028464877,23.9999949257868,3.70495099983048,0.799999830859561,4.61249511680247
37.7,0.458610275539528,0.453689980743466,23.9999949057708,3.69609669490477,0.799999830192361,4.59844341811687
37.8,0.458465396498986,0.453545059236737,23.9999948857548,3.68724998256994,0.799999829525162,4.58442629872234
37.9,0.458320643671795,0.453400263824072,23.9999948657389,3.67841086198173,0.799999828857962,4.57044362576418
38,0.458176016910178,0.453255594382568,23.9999948457229,3.66957933212649,0.799999828190762,4.55649526650043
38.1,0.458031516002089,0.453111050796023,23.9999948257069,3.66075539156017,0.799999827523562,4.54258108832062
38.2,0.457887140738761,0.452966632958679,23.9999948056909,3.65193903828554,0.799999826856362,4.52870095874326
38.3,0.457742890971924,0.452822340772935,23.9999947856749,3.64313026982992,0.799999826189163,4.51485474541144
38.4,0.457598766630563,0.452678174142823,23.9999947656589,3.63432908345969,0.799999825521963,4.5010423161034
38.5,0.457454767689336,0.452534132966864,23.9999947456429,3.62553547640016,0.799999824854763,4.48726353876387
38.6,0.457310894116686,0.452390217135468,23.9999947256269,3.61674944593782,0.799999824187563,4.47351828154834
38.7,0.457167145832799,0.452246426533093,23.9999947056109,3.60797098936891,0.799999823520363,4.45980641286552
38.8,0.457023522698935,0.452102761043638,23.9999946855949,3.59920010384796,0.799999822853163,4.44612780140533
38.9,0.456880024542972,0.451959220555753,23.9999946655789,3.59043678623767,0.799999822185963,4.43248231614896
39,0.456736651200512,0.451815804964428,23.9999946455629,3.58168103305159,0.799999821518763,4.41886982636738
39.1,0.456593402546851,0.451672514169232,23.9999946255469,3.5729328405176,0.799999820851563,4.40529020162029
39.2,0.456450278502135,0.45152934806979,23.9999946055309,3.56419220471294,0.799999820184363,4.39174331176489
39.3,0.456307279010482,0.451386306562235,23.9999945855149,3.55545912169104,0.799999819517163,4.37822902697687
39.4,0.456164404008108,0.451243389537959,23.9999945654989,3.54673358753148,0.799999818849963,4.36474721777805
39.5,0.456021653399319,0.451100596885057,23.9999945454829,3.53801559829784,0.799999818182763,4.35129775506156
39.6,0.455879027055434,0.450957928492091,23.9999945254669,3.52930514994278,0.799999817515563,4.33788051010745
39.7,0.455736524829342,0.450815384250358,23.9999945054509,3.52060223822606,0.799999816848363,4.32449535458789
39.8,0.45559414658296,0.450672964055182,23.9999944854349,3.51190685868771,0.799999816181163,4.31114216056605
39.9,0.455451892203412,0.450530667804522,23.9999944654189,3.50321900669792,0.799999815513963,4.29782080049617
40,0.455309761603445,0.450388495395887,23.9999944454029,3.4945386775397,0.799999814846763,4.2845311472302
41,0.453895242017416,0.448973559167415,23.9999942452429,3.40814807783678,0.799999808174764,4.15335082528998
42,0.452492986813058,0.447570890617444,23.999994045083,3.32250419150098,0.799999801502765,4.02520463534955
43,0.45110289115593,0.446180384992118,23.999993844923,3.237601477104,0.799999794830767,3.89997310523592
44,0.449724851207312,0.444801938414791,23.9999936447631,3.15343411148776,0.79999978815877,3.77754175458225
45,0.448358763994422,0.443435447860424,23.9999934446032,3.06999612140368,0.799999781486774,3.65780113516357
46,0.447004527360578,0.442080811154921,23.9999932444433,2.98728146264315,0.799999774814778,3.54064675577824
47,0.445662039995459,0.440737926971235,23.9999930442834,2.90528406787839,0.799999768142781,3.42597894200566
48,0.444331201440407,0.439406694822153,23.9999928441235,2.82399787569083,0.799999761470783,3.31370266124158
49,0.443011912065289,0.438087015052518,23.9999926439636,2.74341684800367,0.799999754798785,3.20372733119513
50,0.441704073065108,0.43677878883468,23.9999924438036,2.66353498046967,0.799999748126788,3.09596662260763
51,0.440407586457481,0.435481918162062,23.9999922436437,2.58434630865062,0.799999741454789,2.99033826253166
52,0.439122355073823,0.434196305841955,23.9999920434838,2.50584491161134,0.799999734782792,2.88676384180587
53,0.437848282551168,0.432921855488549,23.9999918433238,2.42802491393422,0.799999728110794,2.78516862872739
54,0.436585273333018,0.431658471521035,23.9999916431639,2.35088048680264,0.799999721438796,2.68548138995681
55,0.435333232652968,0.430406059151195,23.9999914430039,2.27440584857421,0.799999714766798,2.58763421917698
56,0.434092066537412,0.429164524379733,23.999991242844,2.19859526481947,0.7999997080948,2.49156237348366
57,0.432861681790897,0.427933773991612,23.9999910426841,2.12344304834994,0.799999701422804,2.39720411752201
58,0.431641986000192,0.426713715548244,23.9999908425242,2.04894355903234,0.799999694750808,2.3045005751603
59,0.430432887519555,0.42550425738217,23.9999906423643,1.97509120353873,0.799999688078811,2.21339558840058
60,0.429234295467662,0.424305308589484,23.9999904422045,1.9018804350446,0.799999681406815,2.12383558323975
61,0.428046119722442,0.423116779026633,23.9999902420446,1.82930575290035,0.799999674734819,2.03576944217307
62,0.426868270916464,0.421938579301578,23.9999900418846,1.75736170231976,0.799999668062821,1.94914838304299
63,0.425700660426021,0.420770620769451,23.9999898417247,1.68604287401426,0.799999661390823,1.8639258439184
64,0.424543200367888,0.419612815526377,23.9999896415648,1.61534390384674,0.799999654718825,1.78005737371776
65,0.423395803603344,0.418465076411034,23.9999894414048,1.54525947256595,0.799999648046827,1.69750052830727
66,0.422258383706642,0.417327316975336,23.9999892412449,1.47578430539038,0.799999641374829,1.61621477182755
67,0.42113085497833,0.416199451499505,23.9999890410849,1.40691317137948,0.799999634702831,1.53616138270623
68,0.420013132446989,0.415081394989414,23.999988840925,1.33864088348008,0.799999628030833,1.45730336459957
69,0.418905131847297,0.413973063159478,23.9999886407651,1.27096229812123,0.799999621358837,1.3796053618441
70,0.417806769621437,0.412874372430377,23.9999884406052,1.20387231481702,0.799999614686841,1.30303357900801
71,0.416717962911706,0.411785239922829,23.9999882404453,1.13736587578609,0.799999608014844,1.22755570444454
72,0.415638629553727,0.410705583453685,23.9999880402854,1.07143796565436,0.799999601342848,1.15314083768912
73,0.414568688075839,0.409635321529095,23.9999878401256,1.00608361108125,0.799999594670852,1.07975942048084
74,0.413508057689732,0.408574373338988,23.9999876399657,0.941297880467107,0.799999587998855,1.00738317122507
75,0.4124566582837,0.407522658753157,23.9999874398058,0.877075883591394,0.799999581326859,0.935985022740581
76,0.411414410420713,0.40648009831355,23.9999872396458,0.813412771293755,0.799999574654861,0.86553906310322
77,0.41038123533238,0.405446613231386,23.9999870394859,0.750303735141232,0.799999567982863,0.79602047943742
78,0.409357054909665,0.404422125379167,23.999986839326,0.687744007120593,0.799999561310865,0.727405504528932
79,0.408341791705846,0.403406557288238,23.999986639166,0.625728859284165,0.799999554638867,0.65967136607529
80,0.407335368921663,0.402399832140338,23.9999864390061,0.564253603471006,0.79999954796687,0.5927962384933
81,0.406337710406224,0.401401873765522,23.9999862388462,0.503313590957104,0.799999541294873,0.52675919710596
82,0.405348740651162,0.400412606634837,23.9999860386863,0.442904212131166,0.799999534622876,0.461540174627096
83,0.404368384783232,0.39943195585595,23.9999858385264,0.383020896238461,0.79999952795088,0.397119919804382
84,0.403396568559172,0.398459847167815,23.9999856383665,0.323659110991599,0.799999521278884,0.333479958134827
85,0.402433218365589,0.397496206935877,23.9999854382067,0.264814362316175,0.79999951460689,0.270602554517719
86,0.401478261206423,0.396540962146774,23.9999852380469,0.206482194030279,0.799999507934895,0.208470677784049
87,0.400531624704004,0.395594040403757,23.999985037887,0.148658187527477,0.7999995012629,0.147067966986551
88,0.399593237093215,0.39465536992061,23.9999848377272,0.0913379614877679,0.799999494590906,0.086378699354448
89,0.398663027209589,0.393724879518143,23.9999846375673,0.0345171715729562,0.799999487918911,0.0263877598619366
90,0.397740924497014,0.392802498618627,23.9694249283228,0.00875101930534784,0.799999481249111,-0.00235987877461596
91,0.39682685898777,0.39188815723909,23.91076084654,0.0115800966348528,0.799999474593781,-0.00233333754657394
92,0.395920761316854,0.390981785993205,23.8527536409915,0.0142389197481435,0.799999467954667,-0.00230732533564293
93,0.395022562696862,0.390083316077072,23.7953903328629,0.0167362681266137,0.79999946133159,-0.00228182257061249
94,0.394132194925184,0.389192679269479,23.7386584209811,0.0190804790580753,0.799999454724372,-0.00225681060299721
95,0.393249590375933,0.388309807927822,23.6825458593617,0.0212794698759632,0.799999448132839,-0.00223227165885476
96,0.392374681998159,0.387434634982387,23.627041035876,0.0233407589979926,0.79999944155682,-0.00220818879664009
97,0.391507403307834,0.386567093931556,23.5721327519691,0.0252714859447503,0.799999434996149,-0.00218454586561023
98,0.390647688382229,0.385707118836864,23.5178102033608,0.027078430321011,0.79999942845066,-0.00216132746786357
99,0.389795471861126,0.384854644319049,23.4640629617076,0.0287680298933221,0.799999421920193,-0.00213851892047501
100,0.388950688937489,0.384009605553148,23.4108809571733,0.0303463977374832,0.799999415404589,-0.00211610622018199
101,0.388113275351004,0.383171938264143,23.3582544618587,0.0318193385379403,0.799999408903692,-0.0020940760095236
102,0.387283167390562,0.382341578722545,23.3061740740572,0.0331923640463947,0.799999402417349,-0.00207241554567617
103,0.386460301885005,0.381518463739949,23.2546307032786,0.0344707078143658,0.799999395945409,-0.00205111266893709
104,0.385644616197378,0.380702530663712,23.2036155560279,0.035659339116958,0.799999389487725,-0.00203015577504928
105,0.384836048225334,0.37989371737408,23.153120122257,0.0367629762329804,0.799999383044151,-0.00200953378767466
106,0.384034536394462,0.379091962281519,23.1031361625225,0.0377860990865057,0.799999376614543,-0.00198923613037039
107,0.383240019648906,0.378297204312178,23.0536556957558,0.0387329610761385,0.79999937019876,-0.00196925270707027
108,0.38245243745974,0.377509382920083,23.0046709875787,0.0396076006186763,0.799999363796664,-0.0019495738725368
109,0.381671729802646,0.37672843806999,22.9561745393292,0.0404138518408197,0.799999357408118,-0.00193019041282483
110,0.380897837177929,0.375954310239346,22.9081590775126,0.041155354862195,0.799999351032987,-0.0019110935243738
111,0.380130700580816,0.375186940409489,22.8606175438166,0.0418355655276823,0.799999344671138,-0.00189227479309295
112,0.379370261508361,0.374426270065636,22.8135430855923,0.0424577646304894,0.79999933832244,-0.00187372617680381
113,0.378616461964676,0.373672241192119,22.7669290468059,0.0430250667630864,0.799999331986765,-0.00185543998519222
114,0.377869244441731,0.372924796266316,22.7207689594733,0.0435404286420582,0.799999325663985,-0.00183740886252082
115,0.37712855192229,0.372183878255794,22.6750565354581,0.0440066569978304,0.799999319353976,-0.00181962577333294
116,0.376394327874258,0.371449430614035,22.6297856586999,0.0444264161525642,0.799999313056613,-0.00180208398489157
117,0.37566651625065,0.370721397277318,22.5849503778176,0.0448022351559946,0.799999306771775,-0.00178477705320645
118,0.374945061480919,0.369999722659614,22.5405448990699,0.0451365145939446,0.799999300499341,-0.00176769880845384
119,0.374229908466911,0.369284351649424,22.4965635796707,0.0454315330202886,0.799999294239193,-0.00175084334218312
120,0.373521002582772,0.368575229603418,22.453000921413,0.0456894530971494,0.799999287991213,-0.00173420499468691
121,0.372818289664784,0.367872302347416,22.4098515645967,0.0459123274226465,0.799999281755286,-0.00171777834242803
122,0.372121716017515,0.367175516168911,22.3671102822824,0.0461021040694038,0.799999275531297,-0.00170155818660334
123,0.371431228400743,0.366484817812718,22.3247719748013,0.0462606318146042,0.799999269319135,-0.00168553954293316
124,0.370746774031389,0.365800154480334,22.2828316645209,0.0463896651543294,0.799999263118687,-0.00166971763057688
125,0.370068300573623,0.365121473823127,22.2412844908892,0.0464908690225159,0.799999256929844,-0.00165408786287458
126,0.369395756141183,0.364448723940419,22.2001257056948,0.0465658233229559,0.799999250752497,-0.00163864583715778
127,0.368729089290387,0.363781853374995,22.1593506685713,0.0466160271604719,0.799999244586539,-0.00162338732742384
128,0.36806824902052,0.363120811110129,22.1189548427061,0.0466429029557344,0.799999238431863,-0.001608308274065
129,0.367413184723153,0.362465546526408,22.0789337906868,0.0466477999576985,0.799999232288365,-0.00159340478816006
130,0.366763846312951,0.361816009520738,22.039283170314,0.0466319985756601,0.799999226155941,-0.00157867312377391
131,0.366120184099811,0.361172150391986,21.9999987318389,0.0465967142554449,0.799999220034489,-0.00156410964552478
132,0.365482148785767,0.360533919828177,21.9610763142298,0.0465430990953114,0.799999213923908,-0.00154971089077449
133,0.364849691509117,0.359901268952795,21.9225118412141,0.0464722458227526,0.799999207824098,-0.00153547353452765
134,0.364222763826066,0.359274149313138,21.8843013181404,0.0463851910441778,0.799999201734959,-0.00152139437093979
135,0.363601317719131,0.358652512871521,21.8464408290671,0.0462829180292306,0.799999195656393,-0.00150747030952658
136,0.362985305570201,0.358036312000137,21.8089265339126,0.0461663593476011,0.799999189588305,-0.00149369837074431
137,0.362374680174227,0.357425499482739,21.7717546657019,0.0460363993401329,0.799999183530599,-0.00148007568427744
138,0.361769394733713,0.356820028504828,21.7349215279404,0.0458938765970538,0.799999177483178,-0.00146659948221739
139,0.361169402846639,0.356219852655237,21.6984234920945,0.0457395862491285,0.799999171445951,-0.00145326709440496
140,0.360574658513602,0.355624925919112,21.6622569951964,0.0455742821387409,0.799999165418824,-0.00144007594503037
141,0.359985116128003,0.355035202678561,21.6264185375523,0.0453986789300555,0.799999159401706,-0.0014270235470093
142,0.359400730476439,0.354450637704712,21.5909046805816,0.0452134540699806,0.799999153394506,-0.00141410749836268
143,0.358821456729053,0.353871186158006,21.5557120447225,0.0450192496641526,0.799999147397133,-0.00140132547829097
144,0.358247250444588,0.353296803584729,21.5208373074574,0.0448166742661094,0.7999991414095,-0.00138867524337982
145,0.357678067561695,0.35272744591065,21.4862772014272,0.0446063045600151,0.799999135431519,-0.00137615462434582
146,0.357113864400044,0.352163069442402,21.4520285126082,0.0443886869802987,0.799999129463101,-0.00136376152246953
147,0.356554597651793,0.351603630860325,21.4180880786202,0.0441643392538021,0.799999123504162,-0.00135149390531097
148,0.356000224380942,0.35104908721707,21.3844527870649,0.0439337518132426,0.799999117554616,-0.00133934980555495
149,0.355450702022098,0.350499395935033,21.3511195739557,0.0436973891985266,0.799999111614379,-0.00132732731720964
150,0.354905988376764,0.34995451480177,21.3180854222277,0.0434556913769437,0.799999105683366,-0.00131542459221023
151,0.354366041605658,0.349414401968973,21.2853473603093,0.0432090749629593,0.799999099761496,-0.00130363983869941
152,0.35383082023222,0.348879015946812,21.2529024607507,0.042957934409116,0.799999093848686,-0.00129197131835568
153,0.353300283133695,0.348348315602742,21.220747838918,0.0427026431285732,0.799999087944855,-0.00128041734382478
154,0.352774389545535,0.347822260159075,21.1888806517437,0.0424435545563081,0.799999082049923,-0.00126897627672307
155,0.352253099051164,0.347300809186979,21.1572980965393,0.0421810031663046,0.799999076163811,-0.00125764652526783
156,0.351736371581823,0.346783922607113,21.1259974098462,0.0419153054487961,0.799999070286439,-0.00124642654160922
157,0.351224167410896,0.346271560684513,21.0949758663583,0.0416467607579959,0.79999906441773,-0.00123531482204342
158,0.35071644716328,0.345763684027178,21.0642307778557,0.041375652273223,0.799999058557607,-0.00122430990245803
159,0.350213171792751,0.345260253581092,21.0337594922361,0.0411022477715083,0.799999052705992,-0.0012134103575292
160,0.349714302591414,0.344761230628576,21.0035593925396,0.040826800373963,0.799999046862811,-0.00120261480078199
161,0.349219801189665,0.344266576786911,20.9736278960233,0.040549549347433,0.799999041027988,-0.00119192188114425
162,0.348729629546618,0.343776254002992,20.9439624533043,0.040270720819447,0.799999035201449,-0.00118133028063383
163,0.348243749941557,0.343290224550907,20.9145605475208,0.0399905283746795,0.799999029383121,-0.00117083871540302
164,0.347762124992468,0.342808451032212,20.885419693504,0.0397091737535915,0.799999023572929,-0.00116044593308473
165,0.347284717628854,0.34233089636867,20.8565374370319,0.0394268474468178,0.799999017770803,-0.00115015071080293
166,0.346811491103416,0.341857523802702,20.8279113540745,0.0391437292296739,0.799999011976671,-0.00113995185583349
167,0.346342408988282,0.341388296893835,20.7995390500861,0.0388599887906508,0.799999006190461,-0.00112984820152917
168,0.345877435164665,0.340923179515423,20.7714181593353,0.0385757861515471,0.799999000412104,-0.00111983860929499
169,0.345416533830956,0.340462135852682,20.7435463442384,0.0382912722132997,0.79999899464153,-0.0011099219661368
170,0.344959669489142,0.340005130400289,20.7159212947324,0.0380065892319906,0.799998988878669,-0.00110009718273218
171,0.344506806951367,0.339552127958687,20.6885407276807,0.0377218712174631,0.799998983123455,-0.00109036319453892
172,0.344057911331846,0.339103093632731,20.6614023862859,0.0374372444086477,0.799998977375818,-0.00108071895865436
173,0.343612948046734,0.338657992828051,20.6345040395403,0.0371528276308662,0.799998971635693,-0.00107116345460057
174,0.343171882810722,0.338216791248924,20.6078434816852,0.0368687326975847,0.799998965903012,-0.00106169568270076
175,0.342734681632595,0.337779454896753,20.5814185316957,0.0365850647460481,0.79999896017771,-0.0010523146640331
176,0.342301310818055,0.337345950065293,20.5552270327879,0.0363019226341106,0.799998954459721,-0.00104301943798291
177,0.341871736962129,0.336916243340774,20.5292668519423,0.0360193991869045,0.799998948748982,-0.00103380906410777
178,0.341445926947709,0.336490301596881,20.5035358794374,0.0357375815916409,0.799998943045428,-0.00102468261856714
179,0.341023847946487,0.336068091994096,20.4780320284161,0.0354565516148536,0.799998937348995,-0.00101563919605141
180,0.340605467411342,0.335649581978253,20.4527532344525,0.0351763859346463,0.799998931659621,-0.0010066779071991
181,0.340190753079189,0.335234739273482,20.4276974551533,0.034897156372713,0.799998925977244,-0.000997797879414009
182,0.339779672961354,0.334823531885026,20.402862669735,0.0346189301635905,0.799998920301801,-0.000988998255404994
183,0.339372195349669,0.33441592809495,20.3782468786633,0.0343417701950955,0.799998914633232,-0.000980278192649564
184,0.338968288809982,0.334011896459396,20.3538481032781,0.0340657352105477,0.799998908971475,-0.000971636863845049
185,0.338567922177446,0.333611405805462,20.3296643854341,0.0337908800536247,0.799998903316472,-0.000963073455164221
186,0.338171064561299,0.333214425231354,20.3056937871548,0.0335172558537413,0.799998897668162,-0.000954587166685172
187,0.337777685334284,0.332820924101968,20.2819343902989,0.0332449102291397,0.799998892026487,-0.000946177211545773
188,0.337387754134333,0.332430872047018,20.2583842962388,0.0329738874689555,0.799998886391388,-0.000937842815364576
189,0.337001240863999,0.332044238959733,20.2350416255464,0.0327042287074429,0.799998880762806,-0.000929583216251473
190,0.336618115685178,0.331660994994043,20.2119045176936,0.0324359720789319,0.799998875140685,-0.000921397664434664
191,0.336238349019863,0.331281110561354,20.188971130755,0.0321691529012693,0.799998869524968,-0.000913285421372478
192,0.335861911543167,0.330904556330003,20.166239641128,0.0319038038134366,0.799998863915599,-0.000905245759390993
193,0.335488774186876,0.330531303222886,20.1437082432546,0.031639954889764,0.799998858312521,-0.000897277962646825
194,0.335118908132037,0.33016132241302,20.1213751493588,0.031377633830475,0.799998852715679,-0.000889381324682859
195,0.334752284812245,0.32979458532556,20.0992385891821,0.0311168660357028,0.799998847125018,-0.000881555150190394
196,0.334388875909536,0.329431063630381,20.0772968097358,0.0308576747689182,0.799998841540484,-0.000873798753165289
197,0.334028653343077,0.329070729245734,20.0555480750542,0.0306000812480011,0.799998835962023,-0.000866111457096252
198,0.333671589286205,0.328713554331556,20.033990665961,0.0303441047435136,0.799998830389582,-0.000858492595924076
199,0.33331765614783,0.328359511289006,20.0126228798325,0.0300897627278249,0.799998824823107,-0.000850941511536973
200,0.332966826574049,0.328008572759436,19.9914430303781,0.029837070942943,0.799998819262546,-0.000843457554626781
201,0.332619073454155,0.327660711620753,19.9704494474222,0.0295860434671308,0.799998813707847,-0.00083604008589333
202,0.332341958405319,0.327381480497135,19.9497429532843,0.0298003039708556,0.799998808158954,-0.000812217721051667
203,0.332134465611877,0.327172970120654,19.9303314744591,0.0313088685894069,0.799998802615669,-0.000734357414245324
204,0.331925248217169,0.326964083492615,19.9130903504578,0.0328268680924759,0.799998797077484,-0.000647476497753985
205,0.331708222786464,0.32674723758373,19.8977514597743,0.0335829876795956,0.799998791543813,-0.000584151580518721
206,0.331489256410006,0.326528276448756,19.8836823280181,0.0336517965345069,0.799998786014217,-0.00054469697316506
207,0.331270365580327,0.326309361176369,19.8703846590554,0.0332881168634335,0.799998780488415,-0.000521169646326314
208,0.331051968588714,0.326090916880895,19.8575437366561,0.0326808668818369,0.799998774966241,-0.000507326237311645
209,0.330834456593909,0.325873344503969,19.8449717674135,0.0319500144558119,0.799998769447596,-0.00049911835922245
210,0.330618189219228,0.325657015990743,19.832562672898,0.0311699582844555,0.799998763932422,-0.00049396294905435
211,0.330403380123423,0.325442144303006,19.8202612300352,0.0303835104112823,0.799998758420682,-0.000490317621206771
212,0.330190123085133,0.325228822924278,19.8080412841207,0.0296127013933664,0.79999875291235,-0.000487346614423956
213,0.329978451825169,0.325017087569046,19.7958917895292,0.0288674699191981,0.799998747407404,-0.00048463591827641
214,0.329768374806788,0.324806947168121,19.7838089199375,0.0281514366638104,0.799998741905827,-0.000481996922509609
215,0.329559887867265,0.324598397266967,19.7717920002535,0.0274651787463654,0.7999987364076,-0.000479352657588805
216,0.329352980455894,0.324391427356824,19.7598415473112,0.0268079310950926,0.799998730912705,-0.000476677774209122
217,0.329147639949529,0.32418602489423,19.7479584001945,0.026178425711019,0.799998725421122,-0.000473968433034599
218,0.328943853603547,0.323982177082166,19.7361433836527,0.0255752766036725,0.799998719932834,-0.000471228128173351
219,0.328741608971644,0.323779871447516,19.7243972102257,0.0249971327731844,0.79999871444782,-0.000468461788063479
220,0.328540893978885,0.323579095920185,19.7127204739024,0.0244427237801088,0.799998708966063,-0.000465673819803669
221,0.328341696881362,0.32337983873964,19.7011136696174,0.0239108636150181,0.799998703487542,-0.000462867743063811
222,0.32814400612311,0.323182088351232,19.6895772139388,0.0234004416569608,0.799998698012237,-0.000460046348937482
223,0.327947810303408,0.322985833345213,19.6781114603051,0.0229104127606383,0.79999869254013,-0.000457211931816914
224,0.327753098128325,0.322791062424588,19.6667167089731,0.0224397891989659,0.799998687071201,-0.000454366475544532
225,0.327559858383508,0.322597764383181,19.6553932133218,0.0219876351111287,0.799998681605429,-0.000451511761113466
226,0.327368079975898,0.322405928107716,19.6441411840654,0.0215530625047325,0.799998676142795,-0.000448649427625014
227,0.327177751869917,0.322215542566129,19.6329607923752,0.0211352281592493,0.79999867068328,-0.000445781002600398
228,0.326988863117927,0.32202659681288,19.6218521723861,0.0207333309534082,0.799998665226863,-0.00044290792363455
229,0.326801402865107,0.32183907998436,19.6108154233609,0.0203466097508992,0.799998659773524,-0.000440031544211905
230,0.326615360332588,0.321652981298587,19.5998506117073,0.0199743412896655,0.799998654323243,-0.000437153140939728
231,0.326430724819921,0.321468290053145,19.5889577728222,0.0196158382889854,0.799998648876,-0.000434273917857553
232,0.326247485710235,0.321284995627985,19.5781369128538,0.0192704476159484,0.799998643431776,-0.000431395011180058
233,0.326065632463707,0.32110308748125,19.5673880103637,0.0189375485632585,0.799998637990549,-0.000428517493254787
234,0.325885154623989,0.320922555151015,19.5567110178956,0.0186165513205188,0.799998632552301,-0.000425642372867685
235,0.325706041806828,0.320743388253386,19.5461058634975,0.0183068953182056,0.799998627117012,-0.000422770601506528
236,0.325528283714521,0.320565576483045,19.5355724521302,0.0180080478290996,0.79999862168466,-0.000419903075140837
237,0.32535187011794,0.320389109611846,19.5251106670436,0.0177195025863625,0.799998616255227,-0.000417040635383614
238,0.325176790868026,0.320213977487882,19.5147203710577,0.0174407784036394,0.799998610828692,-0.000414184075189894
239,0.325003035896643,0.320040170037661,19.5044014077792,0.0171714179700305,0.799998605405036,-0.000411334139265307
240,0.324830595206932,0.319867677260643,19.4941536027636,0.0169109866366942,0.799998599984238,-0.000408491527220889
241,0.324659458873733,0.319696489233728,19.4839767646177,0.0166590712774419,0.799998594566279,-0.000405656895711815
242,0.324489617057294,0.31952659610649,19.4738706860401,0.0164152792084842,0.79999858915114,-0.000402830861549575
243,0.324321059977362,0.319357988103708,19.4638351448137,0.0161792372292133,0.799998583738801,-0.000400014000611293
244,0.324153777937991,0.319190655524859,19.4538699047381,0.0159505904889353,0.799998578329241,-0.000397206856241894
245,0.323987761317623,0.319024588739553,19.4439747165256,0.015729001774856,0.799998572922442,-0.000394409933448969
246,0.323823000556062,0.318859778192598,19.4341493186489,0.0155141504808054,0.799998567518385,-0.000391623705883859
247,0.323659486176847,0.318696214398184,19.4243934381266,0.0153057318162898,0.799998562117049,-0.000388848616495352
248,0.323497208766116,0.318533887943573,19.4147067913005,0.0151034560576048,0.799998556718415,-0.000386085077206388
249,0.32333615898088,0.318372789485594,19.4050890845321,0.0149070477170586,0.799998551322465,-0.000383333473571668
250,0.323176327563085,0.318212909753135,19.3955400148984,0.0147162449046489,0.79999854592918,-0.000380594163907233
251,0.323017705295731,0.318054239543097,19.3860592708624,0.0145307986344717,0.799998540538539,-0.000377867479492977
252,0.322860283064036,0.317896769721782,19.3766465328305,0.014350472060703,0.799998535150524,-0.000375153733013889
253,0.322704051800143,0.31774049122536,19.3673014737672,0.0141750401278944,0.799998529765117,-0.000372453207962309
254,0.322549002510025,0.317585395057451,19.358023759762,0.0140042886965124,0.799998524382298,-0.000369766171150587
255,0.322395126265462,0.317431472288321,19.348813050508,0.0138380142007016,0.79999851900205,-0.000367092866589758
256,0.322242414209367,0.317278714058566,19.3396689998236,0.0136760229942946,0.799998513624352,-0.000364433521099272
257,0.322090857560364,0.317127111578658,19.3305912561381,0.0135181309953923,0.799998508249187,-0.000361788339912295
258,0.321940447579883,0.31697665611129,19.3215794629669,0.013364163082555,0.799998502876537,-0.000359157511859109
259,0.321791175603237,0.316827338991316,19.3126332591649,0.0132139524890498,0.799998497506383,-0.000356541217882977
260,0.321643033041086,0.316679151624222,19.303752279374,0.0130673407766673,0.799998492138707,-0.000353939615830967
261,0.321496011366718,0.316532085478316,19.2949361545092,0.0129241772899673,0.799998486773491,-0.000351352846475805
262,0.321350102108925,0.316386132084784,19.2861845121175,0.012784318631509,0.799998481410716,-0.000348781038844947
263,0.321205296865856,0.316241283038687,19.2774969766532,0.0126476283377404,0.799998476050366,-0.000346224310625587
264,0.321061587299359,0.316097529997944,19.268873169808,0.0125139766006166,0.799998470692422,-0.000343682765713282
265,0.320918965134992,0.315954864684787,19.2603127108089,0.0123832398680433,0.799998465336867,-0.000341156497611905
266,0.320777422157714,0.315813278880189,19.251815216693,0.0122553005825145,0.799998459983682,-0.000338645588083608
267,0.320636950208619,0.315672764430819,19.2433803025868,0.012130046868707,0.799998454632852,-0.000336150107909106
268,0.320497541207637,0.315533313243488,19.2350075819581,0.0120073722239921,0.799998449284357,-0.000333670119527341
269,0.320359187115776,0.315394917283751,19.2266966668558,0.0118871753180413,0.799998443938182,-0.000331205673731461
270,0.320221879966859,0.315257568582433,19.2184471681497,0.0117693596520583,0.799998438594308,-0.000328756813932074
271,0.32008561184983,0.315121259225892,19.2102586957331,0.0116538333527849,0.79999843325272,-0.000326323575656318
272,0.319950374918143,0.314985981362692,19.2021308587308,0.0115405089773746,0.799998427913399,-0.000323905985030848
273,0.31981616137709,0.314851727198828,19.1940632656923,0.0114293032560588,0.799998422576329,-0.000321504061147948
274,0.319682963497253,0.31471848899971,19.1860555247743,0.0113201368522013,0.799998417241494,-0.000319117817262793
275,0.319550773601729,0.314586259089267,19.1781072438934,0.0112129342471006,0.799998411908877,-0.000316747258505501
276,0.319419584078434,0.314455029850091,19.1702180309156,0.0111076234984763,0.799998406578461,-0.000314392384130002
277,0.319289387363253,0.314324793719534,19.162387493799,0.0110041360318654,0.79999840125023,-0.000312053188729067
278,0.319160175957883,0.314195543193774,19.1546152407164,0.0109024065826583,0.799998395924168,-0.000309729658976465
279,0.319031942414649,0.314067270825436,19.146900880218,0.0108023729017814,0.799998390600259,-0.000307421778394712
280,0.318904679347709,0.313939969223465,19.1392440213463,0.0107039756791734,0.799998385278486,-0.000305129525148828
281,0.31877837942127,0.313813631051291,19.1316442737434,0.0106071584008635,0.799998379958834,-0.000302852872227533
282,0.318653035355726,0.313688249029881,19.1241012477918,0.0105118672153645,0.799998374641287,-0.000300591787194548
283,0.318528639930588,0.313563815931894,19.1166145547117,0.0104180507049744,0.799998369325828,-0.000298346236533575
284,0.318405185972931,0.313440324586173,19.10918380663,0.0103256599044246,0.799998364012444,-0.000296116180535932
285,0.318282666371583,0.313317767877813,19.101808616708,0.0102346481004345,0.799998358701117,-0.000293901576281286
286,0.318161074061429,0.313196138738708,19.0944885992317,0.0101449707370902,0.799998353391833,-0.000291702377371195
287,0.31804040203765,0.313075430162946,19.0872233696526,0.0100565852700252,0.799998348084576,-0.000289518535819155
288,0.317920643342784,0.312955635191448,19.0800125447082,0.00996945117322602,0.799998342779332,-0.000287349997865505
289,0.317801791073297,0.312836746918677,19.0728557424891,0.00988352973607675,0.799998337476084,-0.000285196708308177
290,0.317683838379446,0.312718758492458,19.0657525824803,0.00979878396060487,0.799998332174819,-0.000283058611088904
291,0.317566778463807,0.312601663110901,19.0587026856414,0.00971517860363784,0.799998326875521,-0.000280935644845215
292,0.317450604574837,0.31248545402276,19.0517056744689,0.00963267996515481,0.799998321578175,-0.000278827747369093
293,0.31733531001566,0.312370124531225,19.044761173042,0.00955125588060089,0.799998316282768,-0.000276734853724037
294,0.317220888140107,0.312255667986039,19.0378688070887,0.00947087557283737,0.799998310989284,-0.000274656898639591
295,0.317107332353839,0.312142077788846,19.0310282040074,0.00939150971030702,0.799998305697708,-0.000272593812532307
296,0.316994636107854,0.312029347390924,19.0242389929435,0.00931313019893684,0.799998300408027,-0.000270545525800969
297,0.316882792901774,0.311917470293027,19.0175008048025,0.00923571020879125,0.799998295120226,-0.00026851196648181
298,0.316771796292381,0.311806440043966,19.010813272301,0.00915922406595285,0.799998289834292,-0.000266493062170525
299,0.316661639872129,0.311696250242155,19.0041760300059,0.00908364722343873,0.79999828455021,-0.000264488738082491
300,0.316552317304453,0.311586894534477,18.9975887143496,0.00900895622704584,0.799998279267965,-0.000262498918047527
301,0.316443822267848,0.311478366614742,18.9910509636946,0.0089351285829908,0.799998273987545,-0.000260523525312806
302,0.316336148516833,0.31137066022543,18.9845624183153,0.00886214277479917,0.799998268708936,-0.000258562482674307
303,0.316229289835362,0.311263769154413,18.9781227204585,0.00878997821700305,0.799998263432124,-0.000256615710494401
304,0.316123240069155,0.311157687239766,18.971731514344,0.0087186151786333,0.799998258157095,-0.000254683129554678
305,0.316017993098355,0.311052408360973,18.965388446212,0.00864803475783147,0.799998252883837,-0.000252764659187221
306,0.315913542850027,0.31094792644859,18.9590931643108,0.00857821886261258,0.799998247612335,-0.000250860217317239
307,0.315809883308665,0.310844235476515,18.9528453189346,0.00850915010798375,0.799998242342576,-0.000248969723084969
308,0.315707008484961,0.310741329463349,18.94664456244,0.00844081184947978,0.799998237074548,-0.000247093093342698
309,0.315604912452094,0.310639202476753,18.940490549241,0.00837318811523137,0.799998231808238,-0.000245230245216277
310,0.315503589323934,0.310537848624098,18.9343829358503,0.0083062635794076,0.799998226543632,-0.00024338109521338
311,0.315403033251976,0.310437262059104,18.9283213808534,0.00824002351935446,0.799998221280717,-0.000241545559710232
312,0.315303238439402,0.310337436981395,18.9223055449463,0.00817445381977023,0.799998216019481,-0.000239723553992377
313,0.315204199121266,0.310238367632681,18.9163350909359,0.0081095409017388,0.799998210759911,-0.00023791499349457
314,0.315105909596375,0.310140048297919,18.9104096837495,0.00804527171021537,0.799998205501995,-0.000236119794216449
315,0.315008364186642,0.310042473304795,18.9045289904304,0.00798163372302059,0.799998200245719,-0.000234337870207213
316,0.314911557270886,0.309945637026499,18.8986926801417,0.00791861486482743,0.799998194991072,-0.000232569137232019
317,0.314815483258513,0.309849533875989,18.8929004241981,0.00785620356127181,0.799998189738042,-0.000230813508579786
318,0.314720136612345,0.309754158308023,18.8871518960361,0.00779438860944799,0.799998184486615,-0.000229070900612527
319,0.314625511827382,0.309659504821219,18.8814467712109,0.00773315925765037,0.799998179236781,-0.000227341227624578
320,0.31453160344892,0.309565567955328,18.8757847274221,0.00767250517859427,0.799998173988527,-0.000225624403398683
321,0.314438406056899,0.309472342290024,18.8701654445093,0.00761241636414029,0.799998168741841,-0.000223920343319861
322,0.314345914272196,0.30937982244707,18.8645886044471,0.00755288321799181,0.799998163496711,-0.000222228961000326
323,0.314254122756208,0.309288003088182,18.8590538913341,0.00749389639652944,0.799998158253126,-0.00022055017344158
324,0.314163026225978,0.309196878915802,18.8535609913868,0.0074354470018694,0.799998153011073,-0.000218883893872146
325,0.314072619411049,0.309106444671337,18.8481095929726,0.00737752638735552,0.799998147770542,-0.000217230036781757
326,0.31398289709697,0.309016695137598,18.8426993865634,0.00732012615710355,0.79999814253152,-0.000215588519044019
327,0.313893854113945,0.308927625135869,18.8373300647422,0.00726323826271507,0.799998137293997,-0.000213959255631835
328,0.313805485316093,0.308839229525038,18.8320013222183,0.00720685490658576,0.799998132057961,-0.000212342161670875
329,0.313717785614426,0.308751503206728,18.8267128557981,0.00715096855182103,0.7999981268234,-0.000210737153093277
330,0.313630749933819,0.308664441116624,18.8214643644074,0.00709557189541125,0.799998121590304,-0.000209144145479456
331,0.313544373258734,0.308578038231078,18.8162555490488,0.0070406578400475,0.799998116358662,-0.000207563056559223
332,0.31345865060764,0.308492289564322,18.8110861128101,0.00698621956171672,0.799998111128463,-0.000205993802325111
333,0.313373577029952,0.308407190167043,18.8059557608669,0.00693225043008086,0.799998105899695,-0.000204436299526378
334,0.313289147618234,0.308322735128436,18.8008642004634,0.00687874402584383,0.799998100672348,-0.000202890465089922
335,0.313205357495233,0.30823891957395,18.7958111409222,0.00682569410472706,0.799998095446411,-0.0002013562165466
336,0.313122201823729,0.308155738667376,18.7907962936109,0.00677309458842161,0.799998090221873,-0.000199833472755984
337,0.313039675813792,0.3080731876069,18.7858193719451,0.00672093961777387,0.799998084998725,-0.000198322151760522
338,0.312957774695266,0.307991261627555,18.7808800913774,0.00666922349276536,0.799998079776954,-0.000196822171677269
339,0.312876493741887,0.307909956001817,18.7759781693976,0.00661794067746872,0.799998074556552,-0.000195333451017632
340,0.312795828262824,0.30782926603532,18.7711133255193,0.00656708575312012,0.799998069337507,-0.000193855910197271
341,0.312715773603345,0.307749187073059,18.7662852812542,0.00651665349170871,0.799998064119809,-0.000192389468328003
342,0.312636325142007,0.307669714489933,18.7614937601304,0.0064666387741655,0.799998058903449,-0.00019093404614523
343,0.312557478284475,0.307590843700012,18.7567384876558,0.00641703665283721,0.799998053688415,-0.000189489563087619
344,0.312479228495055,0.307512570151069,18.7520191913242,0.00636784225644766,0.799998048474699,-0.000188055941617193
345,0.312401571243826,0.307434889322955,18.7473356006045,0.00631905090781167,0.799998043262289,-0.000186633101279199
346,0.312324502053674,0.307357796732727,18.7426874469201,0.00627065796243265,0.799998038051177,-0.000185220965626343
347,0.312248016475936,0.307281287929484,18.7380744636471,0.00622265895950224,0.799998032841352,-0.00018381945581325
348,0.31217211009103,0.30720535849646,18.7334963860997,0.0061750495310709,0.799998027632805,-0.000182428494145626
349,0.312096778516896,0.307130004051243,18.7289529515265,0.00612782535300384,0.799998022425525,-0.000181048005291728
350,0.31202201741225,0.307055220241803,18.7244438990768,0.00608098229280163,0.799998017219504,-0.000179677911628318
351,0.311947822452274,0.306981002751416,18.7199689698279,0.00603451626184657,0.799998012014731,-0.000178318136853761
352,0.311874189356348,0.306907347295787,18.7155279067395,0.00598842325982347,0.799998006811198,-0.000176968605980932
353,0.311801113873622,0.306834249621712,18.7111204546591,0.00594269938019103,0.799998001608895,-0.000175629244008491
354,0.31172859178718,0.306761705508585,18.7067463603055,0.00589734082206076,0.799997996407812,-0.000174299975665093
355,0.311656618906453,0.306689710768693,18.7024053722579,0.0058523438359002,0.799997991207941,-0.000172980727064953
356,0.311585191073876,0.306618261244485,18.6980972409468,0.0058077047539764,0.799997986009271,-0.000171671424627817
357,0.31151430417285,0.306547352811831,18.6938217186381,0.00576342000696992,0.799997980811795,-0.000170371994581586
358,0.311443954100526,0.306476981374437,18.6895785594368,0.00571948606864226,0.799997975615504,-0.000169082364237738
359,0.311374136805259,0.306407142869303,18.6853675192439,0.0056758994880596,0.799997970420387,-0.00016780246171777
360,0.311304848247052,0.306337833265202,18.6811883557721,0.00563265689233128,0.799997965226436,-0.000166532214588955
361,0.311236084429067,0.306269048559615,18.6770408285359,0.00558975497426032,0.799997960033643,-0.00016527155101187
362,0.311167841378085,0.306200784778288,18.6729246988225,0.00554719045447567,0.799997954841999,-0.00016402040099095
363,0.311100115156521,0.306133037982714,18.6688397296842,0.00550496015293175,0.799997949651494,-0.000162778693294285
364,0.311032901850655,0.306065804259098,18.6647856859476,0.00546306094188571,0.799997944462121,-0.000161546357261955
365,0.310966197577389,0.305999079722624,18.6607623341687,0.00542148968846035,0.799997939273871,-0.000160323325218314
366,0.31089999848955,0.305932860524027,18.6567694426275,0.005380243403386,0.799997934086734,-0.000159109526393308
367,0.31083430076454,0.305867142837024,18.6528067813564,0.00533931909434988,0.799997928900704,-0.000157904892507332
368,0.310769100600833,0.305801922865517,18.6488741220825,0.00529871382233942,0.799997923715771,-0.000156709355373152
369,0.310704394241085,0.30573719684493,18.6449712382312,0.00525842470491238,0.799997918531927,-0.000155522847325784
370,0.310640177942356,0.305672961034442,18.6410979049229,0.00521844890059098,0.799997913349164,-0.000154345301009329
371,0.310576447997118,0.305609211727198,18.6372538989421,0.00517878360643723,0.799997908167474,-0.000153176649781983
372,0.310513200728746,0.305545945239893,18.6334389987559,0.00513942608883783,0.799997902986849,-0.000152016826703516
373,0.310450432478804,0.305483157917602,18.6296529844727,0.00510037361648464,0.799997897807279,-0.000150865766439523
374,0.310388139623996,0.305420846136001,18.6258956378453,0.00506162351593352,0.799997892628759,-0.000149723403531254
375,0.310326318571758,0.305359006294448,18.6221667422584,0.00502317316642404,0.799997887451279,-0.000148589672772204
376,0.310264965742346,0.305297634821144,18.618466082718,0.0049850199844864,0.799997882274831,-0.000147464508870598
377,0.310204077595228,0.30523672817247,18.6147934458407,0.00494716137712123,0.799997877099409,-0.00014634784890788
378,0.310143650613909,0.305176282828734,18.6111486198325,0.00490959482728345,0.799997871925003,-0.000145239629087968
379,0.31008368131234,0.305116295300106,18.6075313944767,0.0048723178478923,0.799997866751608,-0.000144139786268482
380,0.310024166220585,0.305056762119932,18.6039415611571,0.00483532801303345,0.799997861579213,-0.000143048256148859
381,0.309965101898968,0.304997679850716,18.6003789128042,0.00479862285048656,0.799997856407814,-0.000141964978233489
382,0.309906484945599,0.3049390450788,18.5968432438941,0.00476219998446539,0.7999978512374,-0.000140889890285933
383,0.309848311962135,0.304880854417477,18.5933343504558,0.00472605704864228,0.799997846067966,-0.000139822930528055
384,0.309790579598856,0.304823104504981,18.5898520300429,0.00469019171532235,0.799997840899504,-0.000138764038126737
385,0.30973328451413,0.304765792006134,18.5863960817353,0.00465460168061249,0.799997835732006,-0.000137713152110308
386,0.309676423401406,0.304708913608087,18.5829663061187,0.00461928466368887,0.799997830565466,-0.000136670212761203
387,0.309619992970944,0.304652466026989,18.5795625052679,0.0045842384026665,0.799997825399875,-0.00013563516048265
388,0.30956398996731,0.304596446001038,18.5761844827528,0.00454946066925407,0.799997820235226,-0.000134607936370656
389,0.309508411158316,0.304540850293794,18.5728320436119,0.00451494928359194,0.799997815071514,-0.000133588481030955
390,0.3094532533232,0.304485675693961,18.5695049943573,0.00448070205862774,0.799997809908729,-0.0001325767362097
391,0.309398513286313,0.304430919012777,18.56620314295,0.00444671686846042,0.799997804746866,-0.000131572643521594
392,0.309344187875493,0.3043765770889,18.5629262987992,0.00441299156659575,0.799997799585918,-0.000130576145775052
393,0.309290273955898,0.304322646779781,18.559674272751,0.00437952405279853,0.799997794425877,-0.000129587185931257
394,0.309236768413862,0.3042691249725,18.5564468770587,0.00434631224438428,0.799997789266737,-0.000128605707480745
395,0.309183668158819,0.304216008572894,18.5532439254038,0.00431335408748205,0.799997784108491,-0.000127631654041949
396,0.30913097012098,0.304163294512283,18.5500652328614,0.0042806475501605,0.799997778951131,-0.000126664969538837
397,0.309078671254381,0.304110979745198,18.5469106159013,0.00424819062979956,0.799997773794652,-0.000125705598108539
398,0.309026768536791,0.304059061249262,18.5437798923795,0.00421598132104081,0.799997768639046,-0.000124753484975315
399,0.308975258974159,0.304007536024825,18.5406728815222,0.004184017651142,0.799997763484308,-0.000123808575740014
400,0.308924139587291,0.303956401093741,18.5375894039194,0.00415229766441518,0.79999775833043,-0.000122870816106513
401,0.308873407420734,0.303905653502651,18.5345292815037,0.00412081944149677,0.799997753177406,-0.000121940151714739
402,0.308823059543861,0.303855290317878,18.5314923375561,0.00408958104730425,0.79999774802523,-0.000121016529821105
403,0.308773093049414,0.303805308629918,18.528478396682,0.00405858060128803,0.799997742873894,-0.000120099896992798
404,0.308723505052044,0.303755705551756,18.5254872848166,0.00402781622759842,0.799997737723394,-0.000119190200535968
405,0.308674292681244,0.303706478214816,18.5225188292174,0.00399728607836989,0.799997732573721,-0.00011828738748676
406,0.308625453093553,0.303657623776687,18.5195728584241,0.00396698829835548,0.799997727424871,-0.000117391406661227
407,0.308576983469067,0.303609139412808,18.5166492022824,0.0039369210433866,0.799997722276837,-0.000116502207237801
408,0.308528881006642,0.303561022322257,18.513747691907,0.00390708254964763,0.799997717129612,-0.000115619736639871
409,0.308481142924083,0.303513269723887,18.5108681597072,0.00387747100122432,0.799997711983191,-0.000114743944880757
410,0.30843376646893,0.30346587885941,18.5080104393396,0.00384808463752965,0.799997706837567,-0.000113874781444423
411,0.308386748897865,0.303418846988257,18.5051743657299,0.00381892168675742,0.799997701692735,-0.000113012196536033
412,0.308340087493586,0.303372171393745,18.5023597750309,0.00378998042518294,0.799997696548688,-0.000112156140122721
413,0.308293779560276,0.303325849378594,18.4995665046493,0.00376125912541164,0.799997691405421,-0.000111306562885716
414,0.30824782242711,0.3032798782649,18.4967943932166,0.0037327560681554,0.799997686262928,-0.000110463416469031
415,0.308202213429898,0.303234255396995,18.4940432805756,0.00370446958211655,0.799997681121201,-0.000109626651322969
416,0.30815694993282,0.303188978136404,18.4913130077813,0.00367639795362355,0.799997675980237,-0.00010879622042026
417,0.308112029332169,0.303144043868947,18.4886034170793,0.00364853952875052,0.79999767084003,-0.000107972076083485
418,0.30806744901975,0.303099449996397,18.4859143519237,0.00362089268896143,0.799997665700572,-0.000107154169267432
419,0.3080232064192,0.303055193941204,18.4832456569454,0.00359345577789387,0.799997660561859,-0.00010634245361274
420,0.307979298979538,0.303011273145687,18.4805971779396,0.00356622712906589,0.799997655423886,-0.000105536884181134
421,0.307935724161484,0.302967685071442,18.4779687618675,0.0035392052227431,0.799997650286645,-0.000104737411508182
422,0.307892479442962,0.30292442719857,18.4753602568642,0.0035123884342741,0.799997645150133,-0.000103943990385602
423,0.3078495623275,0.302881497029495,18.4727715121877,0.00348577511031721,0.799997640014343,-0.000103156577768715
424,0.307806970338875,0.302838892081519,18.4702023782444,0.00345936380136421,0.79999763487927,-0.000102375124424015
425,0.307764701001106,0.302796609889433,18.4676527065863,0.0034331528892446,0.799997629744909,-0.000101599587065238
426,0.307722751886819,0.302754648014342,18.4651223498604,0.00340714080852607,0.799997624611253,-0.000100829922438095
427,0.307681120565373,0.302713004025673,18.4626111618421,0.00338132610619857,0.799997619478299,-0.000100066083366102
428,0.3076398046297,0.302671675521499,18.4601189974131,0.00335570720330069,0.79999761434604,-9.9308027955658e-05
429,0.307598801689996,0.302630660108572,18.4576457125482,0.00333028262639616,0.799997609214471,-9.85557115988911e-05
430,0.30755810937923,0.302589955418536,18.4551911642974,0.00330505086106792,0.799997604083587,-9.78090917875818e-05
431,0.307517725346912,0.302549559097548,18.4527552108074,0.00328001048547859,0.799997598953383,-9.7068123778854e-05
432,0.307477647251242,0.302509468811785,18.450337711297,0.00325515998528488,0.799997593823854,-9.63327660770119e-05
433,0.307437872780864,0.302469682241147,18.447938526049,0.00323049793635886,0.799997588694994,-9.56029754988208e-05
434,0.307398399644471,0.302430197089987,18.4455575163886,0.00320602287180303,0.799997583566798,-9.48787112520222e-05
435,0.307359225542536,0.302391011072589,18.4431945447113,0.0031817333646457,0.799997578439262,-9.41599306329977e-05
436,0.307320348223994,0.302352121925398,18.440849474435,0.00315762802274313,0.79999757331238,-9.34465920110483e-05
437,0.30728176543483,0.302313527398856,18.4385221700222,0.00313370541147367,0.799997568186148,-9.2738654789315e-05
438,0.307243474952973,0.302275225263487,18.436212496944,0.00310996412972421,0.79999756306056,-9.20360787191044e-05
439,0.307205474554273,0.302237213305545,18.4339203217004,0.00308640284990007,0.799997557935612,-9.13388208019228e-05
440,0.30716776204831,0.302199489324639,18.4316455118088,0.00306302010908052,0.799997552811299,-9.06468444163977e-05
441,0.30713033525826,0.302162051144572,18.4293879357571,0.00303981462208065,0.799997547687615,-8.99601068198308e-05
442,0.307093192016877,0.302124896595668,18.4271474630805,0.00301678503662226,0.799997542564557,-8.92785684989406e-05
443,0.307056330165995,0.302088023534952,18.4249239642549,0.00299392994044542,0.79999753744212,-8.86021921644442e-05
444,0.307019747594067,0.302051429827188,18.4227173107312,0.00297124808133885,0.799997532320298,-8.79309368926329e-05
445,0.306983442169234,0.302015113358028,18.4205273749766,0.00294873806626968,0.799997527199087,-8.7264765639361e-05
446,0.306947411813352,0.301979072029479,18.4183540303701,0.00292639866970403,0.799997522078483,-8.66036381026447e-05
447,0.30691165441426,0.301943303757252,18.4161971513017,0.0029042285589786,0.799997516958481,-8.59475160588374e-05
448,0.306876167931297,0.301907806473306,18.4140566130807,0.00288222641768861,0.799997511839076,-8.52963637960613e-05
449,0.306840950295389,0.301872578123596,18.4119322919649,0.00286039099921888,0.799997506720264,-8.46501417477441e-05
450,0.306805999485854,0.301837616672929,18.4098240651419,0.00283872100437354,0.79999750160204,-8.40088145643847e-05
451,0.306771313470916,0.301802920101685,18.4077318107318,0.00281721523267825,0.7999974964844,-8.3372342540855e-05
452,0.306736890245884,0.301768486401283,18.4056554077899,0.00279587239466744,0.79999749136734,-8.27406905017369e-05
453,0.306702727819552,0.301734313581126,18.4035947362714,0.0027746912271133,0.799997486250854,-8.21138228310758e-05
454,0.306668824227435,0.301700399668076,18.4015496770217,0.00275367051510034,0.79999748113494,-8.1491703355141e-05
455,0.306635177499148,0.30166674269731,18.3995201118232,0.0027328091154879,0.799997476019592,-8.08742930651363e-05
456,0.306601785691279,0.30163334072616,18.3975059233511,0.00271210575925873,0.799997470904806,-8.02615583630484e-05
457,0.306568646866517,0.301600191823692,18.395506995152,0.00269155920358781,0.799997465790577,-7.9653464968743e-05
458,0.306535759124049,0.301567294070393,18.3935232116385,0.00267116828228161,0.799997460676902,-7.90499780158882e-05
459,0.3065031205575,0.301534645565943,18.3915544581207,0.00265093186976153,0.799997455563777,-7.84510600375654e-05
460,0.306470729273117,0.301502244421947,18.389600620782,0.00263084873372128,0.799997450451197,-7.78566783381507e-05
461,0.306438583402374,0.301470088767192,18.3876615866567,0.00261091776247882,0.799997445339158,-7.726679714537e-05
462,0.30640668108286,0.301438176739111,18.3857372436387,0.00259113775243984,0.799997440227656,-7.66813837245195e-05
463,0.306375020475308,0.301406506494117,18.3838274804536,0.00257150756028914,0.799997435116687,-7.6100404786672e-05
464,0.306343599750813,0.301375076204013,18.3819321866833,0.00255202608738445,0.799997430006247,-7.5523824925483e-05
465,0.306312417080123,0.301343884044664,18.3800512527578,0.00253269216778957,0.799997424896332,-7.49516122304783e-05
466,0.306281470675529,0.301312928220132,18.3781845698927,0.00251350468781573,0.799997419786937,-7.43837338852416e-05
467,0.306250758743054,0.301282206934039,18.3763320301803,0.00249446257576735,0.79999741467806,-7.38201553502904e-05
468,0.306220279494207,0.301251718410622,18.3744935264927,0.00247556466685119,0.799997409569695,-7.32608461895268e-05
469,0.306190031184489,0.301221460894152,18.3726689525113,0.00245680990737396,0.79999740446184,-7.27057730074421e-05
470,0.306160012054307,0.30119143262527,18.3708582027671,0.00243819722613617,0.79999739935449,-7.21549028881441e-05
471,0.306130220371681,0.301161631874081,18.3690611725321,0.00241972548397261,0.799997394247641,-7.16082066105628e-05
472,0.30610065441336,0.301132056915338,18.3672777578953,0.00240139369037551,0.799997389141291,-7.10656496920592e-05
473,0.306071312469625,0.301102706038914,18.3655078557498,0.00238320072992648,0.799997384035434,-7.05272025669501e-05
474,0.306042192843331,0.301073577548111,18.3637513637421,0.0023651455800396,0.799997378930067,-6.99928332181798e-05
475,0.306013293849844,0.301044669758438,18.362008180305,0.00234722715443325,0.799997373825187,-6.94625122115156e-05
476,0.305984613819893,0.30101598099449,18.36027820464,0.00232944448333618,0.799997368720789,-6.89362065777743e-05
477,0.305956151092263,0.300987509603784,18.358561336695,0.00231179647002104,0.799997363616871,-6.84138883890739e-05
478,0.305927904019132,0.300959253934968,18.3568574771952,0.00229428212487995,0.799997358513428,-6.78955262145564e-05
479,0.305899870975324,0.300931212358424,18.3551665276112,0.0022769004430089,0.799997353410457,-6.73810900551075e-05
480,0.305872050341044,0.30090338324949,18.3534883901742,0.0022596504387982,0.799997348307954,-6.68705494959454e-05
481,0.305844440491881,0.300875764996084,18.3518229678373,0.00224253103997022,0.799997343205916,-6.63638773588104e-05
482,0.30581703984523,0.300848356008437,18.3501701642744,0.00222554132108664,0.799997338104339,-6.58610425041672e-05
483,0.305789846815591,0.300821154693398,18.3485298839123,0.00220868028154155,0.79999733300322,-6.53620165103064e-05
484,0.30576285981439,0.300794159485379,18.3469020319064,0.00219194696246658,0.799997327902555,-6.48667692431104e-05
485,0.305736077306401,0.3007673688187,18.345286514109,0.00217534035088487,0.799997322802341,-6.43752748423765e-05
486,0.305709497721512,0.300740781143682,18.3436832370915,0.00215885953356477,0.799997317702575,-6.38875024492336e-05
487,0.305683119541666,0.300714394926299,18.3420921081361,0.00214250351965762,0.799997312603252,-6.3403425791364e-05
488,0.30565694122176,0.300688208636424,18.3405130352414,0.002126271439768,0.79999730750437,-6.29230135196224e-05
489,0.305630961254955,0.300662220762421,18.3389459270666,0.00211016224650776,0.799997302405926,-6.24462421683347e-05
490,0.305605178141749,0.300636429802187,18.3373906929887,0.00209417508441713,0.799997297307915,-6.19730814612751e-05
491,0.305579590398447,0.300610834261472,18.3358472430753,0.00207830901131934,0.799997292210336,-6.15035050266499e-05
492,0.305554196527175,0.300585432659023,18.3343154880553,0.00206256310866761,0.799997287113183,-6.10374851994777e-05
493,0.30552899506483,0.300560223530166,18.3327953393395,0.00204693644974329,0.799997282016455,-6.05749957109936e-05
494,0.30550398456976,0.300535205412933,18.3312867090132,0.00203142814080276,0.799997276920148,-6.0116010200062e-05
495,0.305479163578265,0.300510376863311,18.3297895098153,0.00201603731178722,0.799997271824259,-5.9660500660641e-05
496,0.305454530654681,0.300485736443168,18.3283036551724,0.00200076304472316,0.799997266728784,-5.92084415380612e-05
497,0.305430084381614,0.300461282727982,18.3268290591409,0.00198560446123357,0.799997261633721,-5.87598069685669e-05
498,0.305405823348481,0.300437014305716,18.3253656364382,0.00197056068613019,0.799997256539066,-5.83145711487987e-05
499,0.305381746145506,0.300412929770016,18.3239133024358,0.00195563085717176,0.799997251444817,-5.78727076927521e-05
500,0.305357851382915,0.300389027729331,18.3224719731295,0.00194081411118844,0.79999724635097,-5.7434191226946e-05
