time,delta_f,P_BESS,P_Wind,SoH,Shortfall
0,0,0,0,1,0
0.1,3.8523434925386e-05,2.44788210754576e-07,2.55855152818474e-05,0.999999999999562,0
0.2,0.000107399125964802,4.5241024646321e-06,0.00014042080967663,0.999999999982102,0
0.3,0.000324518075939251,2.29761367574386e-05,0.000466931682875225,0.999999999863151,0
0.4,0.000820627987907496,8.27666548779161e-05,0.00139286680788596,0.99999999938851,0
0.5,0.00164106555021748,0.000252422971225666,0.00351020359823652,0.99999999784584,0
0.6,0.00270720168429328,0.000658317946689434,0.00735879252291785,0.99999999355313,0
0.7,0.00385677383712979,0.00147676421865706,0.0131606787009087,0.999999983297224,0
0.8,0.00492935979037878,0.00290244964684023,0.0207147711992583,0.999999961977653,0
0.9,0.00584152424110695,0.00510886845119483,0.0295045648468385,0.999999922622582,0
1,0.00661000388679778,0.00822019658104832,0.0389401132823928,0.999999856757365,0
1.1,0.00731646859323254,0.0123060046937027,0.0485876853361433,0.999999754944108,0
1.2,0.00804158902678043,0.0173965530454128,0.0582654919145238,0.999999607263892,0
1.3,0.0088104997822247,0.0235057218319101,0.0679753924955536,0.99999940359491,0
1.4,0.00958007308564657,0.0306466710445651,0.0777383837336669,0.999999133687152,0
1.5,0.0102700380250675,0.0388321682930501,0.0874482826242339,0.999998787154826,0
1.6,0.010813596590703,0.0480621030544935,0.0968314784410423,0.999998353535677,0
1.7,0.0111946433230037,0.0583083212271767,0.105525204425967,0.999997822498273,0
1.8,0.0114510623824282,0.0695074213341653,0.113213744944607,0.999997184168155,0
1.9,0.0116465957160694,0.0815661840237767,0.119734949050814,0.999996429463295,0
2,0.0118320891606238,0.0943762933071537,0.125098356738069,0.999995550323231,0
2.1,0.0120202770675815,0.107830006179691,0.129416079909624,0.999994539778756,0
2.2,0.0121868772613332,0.121828993231444,0.13279842061207,0.999993391894283,0
2.3,0.0122935168211713,0.1362836003275,0.135279332872567,0.999992101670055,0
2.4,0.0123158615224772,0.151105689723862,0.136809943262093,0.999990664988347,0
2.5,0.0122596245201667,0.166201421639208,0.137312921388792,0.99998907863701,0
2.6,0.012156645791056,0.181469344432709,0.136755720535319,0.999987340381676,0
2.7,0.0120459919167593,0.196805147529684,0.135195396340037,0.999985449022928,0
2.8,0.0119531538237683,0.212110171198888,0.132770881061917,0.999983404383478,0
2.9,0.0118797929945125,0.227298796771093,0.12965280706038,0.999981207211867,0
3,0.0118086240840809,0.242301009710449,0.125984684145668,0.999978859034525,0
3.1,0.0117184984201768,0.257059629212233,0.121849894195475,0.999976362009888,0
3.2,0.0115994117452778,0.271524776690855,0.117279244762842,0.999973718827006,0
3.3,0.0114586048755694,0.285649315777824,0.112288077253237,0.999970932657487,0
3.4,0.0113153881456107,0.299387814304864,0.106916161946161,0.999968007136592,0
3.5,0.0111892969895111,0.312699069436644,0.101245777372393,0.999964946335845,0
3.6,0.0110894889009061,0.325550060708623,0.095389737154274,0.999961754700972,0
3.7,0.0110114791636751,0.337918588985857,0.0894600972092534,0.999958436954861,0
3.8,0.0109421559157996,0.34979296413952,0.0835383124432996,0.999954997988304,0
3.9,0.0108690118560129,0.361169034227088,0.077664027443373,0.999951442768177,0
4,0.0107876051957556,0.372046353240277,0.0718464610402297,0.999947776281412,0
4.1,0.0107031250270173,0.382425534487734,0.0660885893436372,0.999944003512809,0
4.2,0.0106259692332966,0.392307855950677,0.06040821352423,0.999940129438311,0
4.3,0.0105647772897788,0.401696717056663,0.054844069204139,0.999936159012099,0
4.4,0.0105213862145015,0.410599521790285,0.0494456047801368,0.999932097135635,0
4.5,0.0104904340260004,0.419028522145329,0.0442548925355099,0.999927948612117,0
4.6,0.0104632244749547,0.426999987223155,0.0392926369332215,0.999923718100811,0
4.7,0.0104330076765358,0.434532157279646,0.0345562123919607,0.999919410086534,0
4.8,0.0103983841173105,0.441643117723894,0.0300295013512964,0.999915028871005,0
4.9,0.0103630932438203,0.44834964386852,0.0256973854548759,0.999910578581249,0
5,0.0103328132666725,0.454667375915739,0.0215559746825833,0.99990606318284,0
5.1,0.0103112714992526,0.460611874865983,0.0176133790165935,0.999901486486349,0
5.2,0.0102980543560727,0.466199675693474,0.0138820938561368,0.99989685214251,0
5.3,0.0102891769013236,0.471448598419311,0.0103688458157061,0.99989216363013,0
5.4,0.0102797005860078,0.476377136190717,0.00706842253394649,0.999887424245643,0
5.5,0.0102665782115985,0.481003326386882,0.00396475185035214,0.999882637101864,0
5.6,0.0102500199880506,0.485343776502083,0.00103776046335316,0.999877805137806,0
5.7,0.0102327783271738,0.489413348564888,-0.00172867890855063,0.9998729311352,0
5.8,0.0102180563255727,0.493225562450183,-0.00434242032752217,0.999868017734421,0
5.9,0.0102074583155476,0.496793358447387,-0.00680428796073709,0.999863067444183,0
6,0.0102001817207875,0.50012970700728,-0.00911331055999571,0.999858082643971,0
6.1,0.0101937542990871,0.503247721929665,-0.0112722494565703,0.999853065582708,0
6.2,0.0101856691739732,0.506160279476035,-0.0132900697929592,0.999848018378919,0
6.3,0.0101748300088578,0.508879441923401,-0.015180275806917,0.99984294302598,0
6.4,0.0101619793865859,0.511416062610298,-0.0169566252109575,0.999837841402521,0
6.5,0.0101489954533074,0.513779794226987,-0.0186290832456937,0.99983271528482,0
6.6,0.0101376241149032,0.515979456559308,-0.0202023525313051,0.999827566357187,0
6.7,0.0101284689151382,0.518023515691087,-0.0216774852924142,0.999822396217865,0
6.8,0.010120796624713,0.519920395772483,-0.0230552058875435,0.999817206380779,0
6.9,0.0101131600450832,0.521678481459668,-0.024338756829663,0.999811998275688,0
7,0.0101043582964921,0.523305870484879,-0.0255346648834893,0.999806773249678,0
7.1,0.0100941219826345,0.52481007425226,-0.0266512705881379,0.999801532571581,0
7.2,0.0100831566459403,0.526197867058765,-0.0276962047128415,0.999796277438773,0
7.3,0.0100726061017631,0.527475368575501,-0.0286744543172309,0.999791008984314,0
7.4,0.0100633305229636,0.528648294183283,-0.0295880896229852,0.999785728282326,0
7.5,0.0100554492990734,0.529722216701501,-0.0304375984810521,0.999780436350668,0
7.6,0.0100483813113783,0.530702696564893,-0.0312238356682309,0.999775134151563,0
7.7,0.0100412906349323,0.531595233353497,-0.0319493675631539,0.999769822591833,0
7.8,0.0100336196312223,0.532405102087255,-0.0326185149173197,0.999764502524272,0
7.9,0.0100253835411401,0.533137195805673,-0.0332362575641399,0.999759174750741,0
8,0.010017085788544,0.533795974635328,-0.0338068116012736,0.999753840026348,0
8.1,0.0100093558524583,0.534385544237363,-0.0343327704578247,0.99974849906348,0
8.2,0.0100025610134169,0.534909806414098,-0.0348152461847569,0.999743152534616,0
8.3,0.00999662429121972,0.535372589294709,-0.0352547976326976,0.999737801073663,0
8.4,0.00999112769911603,0.535777688606509,-0.0356524970969299,0.999732445276397,0
8.5,0.00998560112117075,0.536128812747076,-0.0360104933483289,0.999727085701001,0
8.6,0.00997980146970612,0.536429481575319,-0.0363318125863797,0.999721722869431,0
8.7,0.00997381924213725,0.536682948895792,-0.0366196222324578,0.999716357269739,0
8.8,0.00996797351515699,0.536892194787373,-0.0368764673505336,0.999710989358829,0
8.9,0.00996258631055236,0.537059986250413,-0.0371039352767315,0.999705619564943,0
9,0.00995778583458562,0.5371889644453,-0.0373028890882701,0.999700248289348,0
9.1,0.00995345061570174,0.537281706709522,-0.0374740559808742,0.99969487590725,0
9.2,0.00994930825516382,0.537340733378356,-0.0376185766346361,0.999689502768347,0
9.3,0.00994510957428307,0.537368465960867,-0.0377381983116417,0.999684129197583,0
9.4,0.00994076537766397,0.537367170913323,-0.0378350474647443,0.999678755496419,0
9.5,0.00993637048693485,0.537338927005654,-0.0379111739045666,0.99967338194458,0
9.6,0.00993211637771441,0.537285635154323,-0.0379681667261815,0.99966800880192,0
9.7,0.00992815915009104,0.537209061983432,-0.0380070588205587,0.999662636309996,0
9.8,0.00992452671660371,0.53711088969152,-0.0380285371939777,0.999657264693158,0
9.9,0.00992111450931477,0.536992744820897,-0.0380332939215067,0.999651894159221,0
10,0.00991776012837509,0.536856194675617,-0.0380222924036954,0.999646524900017,0
10.1,0.0581399332695862,0.536996014076439,-0.00696987026170618,0.999641156567359,0
10.2,0.112606890730866,0.542053266728036,0.129012390858317,0.999635769112143,0
10.3,0.172548496571623,0.562003787142123,0.374788849200819,0.999630265590756,0
10.4,0.233204620235089,0.607823807865912,0.723925819159586,0.999624442159974,0
10.5,0.289613119072474,0.689868518391925,1.1589645741877,0.9996179873611,0
10.6,0.338577864841511,0.816759790168785,1.65382079057454,0.999610494012187,0
10.7,0.378855637005116,0.994587914516618,2.1793370149714,0.999601480919236,0
10.8,0.411084106869025,1.22662914541079,2.70832793381465,0.999590420035987,0
10.9,0.437649926146233,1.5135537556412,3.21980786376687,0.999576763937983,0
11,0.461625060779242,1.85404589740997,3.7018184947484,0.999559969076543,0
11.1,0.484901418848799,2.24566344141427,4.15081828691502,0.999539511418503,0
11.2,0.506933586071518,2.6855919387705,4.56699531755183,0.999514893683886,0
11.3,0.525281993910159,3.17093592665297,4.94825816850535,0.999485647141106,0
11.4,0.537567713153514,3.69847365265245,5.28720708826647,0.99945133327926,0
11.5,0.543243976234992,4.26417958530179,5.57310179765497,0.999411549458475,0
11.6,0.543942775587319,4.8629643630186,5.79693427304809,0.999365938581061,0
11.7,0.542425906553623,5.48888565870876,5.95577754015665,0.999314199074906,0
11.8,0.541088117800359,6.13573802792387,6.05374921694823,0.999256090671369,0
11.9,0.540955929632164,6.79770471471618,6.0995629486953,0.999191433684229,0
12,0.541562970107529,7.46976611296772,6.10254895600983,0.999120102794954,0
12.1,0.541559523652585,8.14773697586949,6.06935422626503,0.999042018593744,0
12.2,0.539648254157027,8.82800697660359,6.00273605272556,0.998957140361064,0
12.3,0.535377207380572,9.5071853547721,5.90266654751789,0.998865462110856,0
12.4,0.529418667115661,10.1818630242858,5.76887697437497,0.998767011751523,0
12.5,0.523210162783938,10.8486165582533,5.60334604563795,0.998661851463197,0
12.6,0.518168337651481,11.5042356116529,5.41133811954775,0.998550076842761,0
12.7,0.514939003447334,12.1460297691541,5.20043945799118,0.998431813225749,0
12.8,0.513133169170454,12.772029889448,4.97821935270643,0.998307209327882,0
12.9,0.511685854812999,13.3809671796539,4.74995150587158,0.998176429939996,0
13,0.509568329146748,13.9720487281387,4.51771976142184,0.998039649922961,0
13.1,0.506386848470458,14.5446643715824,4.28128496868467,0.997897050928441,0
13.2,0.502532007265899,15.0981849167583,4.03999798822924,0.997748820707906,0
13.3,0.498858776849315,15.6319395082223,3.7945287669531,0.997595153569606,0
13.4,0.496144946121185,16.1453463649419,3.54746324392712,0.997436250230508,0
13.5,0.494657968339285,16.6380882099066,3.30259017742252,0.997272316031808,0
13.6,0.494132788180274,17.1102134388814,3.06347042014442,0.997103557689539,0
13.7,0.493985868737173,17.5621070822581,2.83238512015142,0.996930179680179,0
13.8,0.493551132230124,17.9943641115376,2.60979977234096,0.99675238144817,0
13.9,0.492576378705756,18.4076187630307,2.39475318167581,0.996570356155611,0
14,0.491296365929861,18.8024220995011,2.18607336238154,0.996384290980424,0
14.1,0.49021984822652,19.1792313821858,1.98344073581434,0.996194368096744,0
14.2,0.489786156656918,19.5384932933292,1.78771997448534,0.996000765249711,0
14.3,0.490101938296345,19.8807511315984,1.60047359582362,0.995803655311391,0
14.4,0.490900471482031,20.2067019746729,1.42304569280242,0.995603204965019,0
14.5,0.491721866886691,20.5171684789383,1.25580606645571,0.995399573238064,0
14.6,0.492184284824615,20.8130044537105,1.09798371175436,0.995192910684166,0
14.7,0.492179264525672,21.0949903875864,0.948126938785782,0.994983359611828,0
14.8,0.491889254956757,21.3637753039794,0.804861881944661,0.99477105516283,0
14.9,0.491639934848775,21.619889073325,0.667490817980607,0.99455612662172,0
15,0.491691329296046,21.8638072128995,0.536119132181147,0.994338698310129,0
15.1,0.492092897506496,22.0960234470848,0.411303585112371,0.994118889753717,0
15.2,0.492676667671016,22.3170870217856,0.293484405662718,0.993896815272411,0
15.3,0.4931758377969,22.5275874625586,0.182553419677931,0.993672583459908,0
15.4,0.493386449492761,22.7281017742907,0.0777905775707669,0.993446297026933,0
15.5,0.493274882945316,22.9191389485622,-0.0218365014327775,0.993218053217122,0
15.6,0.492976413164758,23.1011142586562,-0.117221891365422,0.992987944648992,0
15.7,0.492698597099067,23.2743651853082,-0.208792642521501,0.992756060205697,0
15.8,0.492595573986615,23.4391958622329,-0.296473526482239,0.99252248560372,0
15.9,0.492687980867607,23.5959223606525,-0.379930146523609,0.992287303488661,0
16,0.492868502796667,23.7448939750319,-0.458919379116486,0.992050593183202,0
16.1,0.492979656846076,23.8864822523899,-0.533535614871745,0.991812430385189,0
16.2,0.492910829155169,24.0210487896402,-0.60422586139257,0.991572887096994,0
16.3,0.492656990643042,24.1489135206905,-0.671593612772763,0.99133203189315,0
16.4,0.492310336738355,24.2703422618114,-0.736129181899214,0.991089930419772,0
16.5,0.491997677951311,24.3855590097479,-0.798029319435904,0.990846645892685,0
16.6,0.49180557895489,24.4947736935265,-0.85719860352816,0.990602239382929,0
16.7,0.491737150392574,24.5982083478227,-0.913410863594069,0.990356769818255,0
16.8,0.491721260569761,24.6961075343351,-0.966520658750547,0.99011029379363,0
16.9,0.491662714959085,24.7887294027323,-1.01659940383662,0.989862865376491,0
17,0.491499996098721,24.8763251472413,-1.06392837309096,0.98961453606933,0
17.1,0.491236831760616,24.9591202273173,-1.10887018751617,0.989365354979977,0
17.2,0.490932796601767,25.0373080709028,-1.15170682520444,0.98911536912312,0
17.3,0.490663210445769,25.1110585595945,-1.1925405922414,0.988864623708792,0
17.4,0.490474792520018,25.1805348848259,-1.23130709800135,0.988613162296255,0
17.5,0.490362778833242,25.2459083455293,-1.26787973753022,0.988361026781113,0
17.6,0.490279962317464,25.3073630495812,-1.30219559100725,0.98810825728072,0
17.7,0.490168721948631,25.3650891596092,-1.33432878104733,0.987854892031822,0
17.8,0.489995089689393,25.4192699830053,-1.36447598048193,0.987600967392804,0
17.9,0.489765251364394,25.4700710613199,-1.39287290333932,0.987346517971583,0
18,0.489517220704982,25.517637294637,-1.41969756360004,0.987091576825445,0
18.1,0.489295403098922,25.5620988427178,-1.44501689000838,0.986836175643985,0
18.2,0.489124553956877,25.6035814664009,-1.46880184936329,0.986580344845843,0
18.3,0.488998006429936,25.6422149686363,-1.49099428716504,0.986324113576544,0
18.4,0.488885162068947,25.6781352339689,-1.51158130471166,0.986067509651794,0
18.5,0.488751689480382,25.7114795437005,-1.53063397615876,0.98581055951557,0
18.6,0.488579427633362,25.7423787073667,-1.54829264166489,0.985553288264935,0
18.7,0.488374713846512,25.7709509400396,-1.56471351742233,0.985295719748614,0
18.8,0.488161791692299,25.7973008346646,-1.58001159462438,0.98503787670282,0
18.9,0.487966835698295,25.8215234832384,-1.59423271922694,0.984779780870248,0
19,0.487802797191073,25.8437108693458,-1.60736721937039,0.984521453063369,0
19.1,0.487663587737058,25.8639567097541,-1.6193923555723,0.984262913168667,0
19.2,0.487529790893493,25.8823572633104,-1.63031601107465,0.98400418012158,0
19.3,0.487381274916249,25.8990082159288,-1.64019663793193,0.983745271894146,0
19.4,0.487208706672859,25.9139999687791,-1.6491309709248,0.983486205524244,0
19.5,0.487017550317542,25.9274142858289,-1.65722037247338,0.983226997187352,0
19.6,0.486823177781681,25.9393241290838,-1.66453752517738,0.982967662286595,0
19.7,0.486640936006827,25.949796477171,-1.67111239039309,0.982708215528531,0
19.8,0.486477421824871,25.9588962497583,-1.67694313262209,0.982448670963275,0
19.9,0.486327780527113,25.9666890548494,-1.68202283446478,0.982189041989613,0
20,0.486179842866263,25.9732414169143,-1.68636494852996,0.981929341344767,0
20.1,0.486021928110125,25.9786187349813,-1.69001319403498,0.981669581104065,0
20.2,0.485849435075997,25.9828824786066,-1.69303216578836,0.981409772706365,0
20.3,0.48566661723406,25.9860883798896,-1.69548634159578,0.981149927003785,0
20.4,0.48548310956848,25.9882865998863,-1.69742085141399,0.98089005431995,0
20.5,0.485307811452113,25.9895236049629,-1.69885476696195,0.980630164497317,0
20.6,0.485143921175435,25.9898445452414,-1.69978925956708,0.980370266922042,0
20.7,0.484987808129611,25.9892947839427,-1.70022423606987,0.980110370528367,0
20.8,0.484831904206268,25.9879198687816,-1.7001730055495,0.97985048379531,0
20.9,0.484669487761324,25.9857642051521,-1.69966690078132,0.979590614750725,0
21,0.48449841162338,25.9828693956692,-1.69874845975294,0.979330770991218,0
21.1,0.484321780989916,25.9792732823302,-1.69745844666049,0.979070959715863,0
21.2,0.484145561490429,25.975010201253,-1.69582486195637,0.978811187763541,0
21.3,0.483974846337337,25.97011220676,-1.69385998072737,0.978551461642406,0
21.4,0.483811066910156,25.9646104971985,-1.6915661661279,0.978291787545375,0
21.5,0.483651620599773,25.9585362501676,-1.68894612200197,0.978032171353789,0
21.6,0.483491837825634,25.9519205038989,-1.68601124215456,0.977772618637439,0
21.7,0.483327888536467,25.9447933059105,-1.68278355615811,0.977513134659829,0
21.8,0.483158861759547,25.9371827386215,-1.67929095368872,0.977253724393141,0
21.9,0.48298693425009,25.9291144267707,-1.67555923095646,0.976994392540915,0
22,0.482815761676503,25.9206117831526,-1.67160588477202,0.976735143561988,0
22.1,0.482648221114784,25.9116967967909,-1.66743899336273,0.976475981688942,0
22.2,0.482484867280014,25.9023908810918,-1.66306122714712,0.976216910937935,0
22.3,0.482323895361564,25.8927153219276,-1.65847610769026,0.975957935111755,0
22.4,0.48216245086144,25.8826911471539,-1.65369269880825,0.975699057801301,0
22.5,0.481998379402349,25.8723385884697,-1.64872626321373,0.975440282390656,0
22.6,0.481831367904179,25.8616765167973,-1.64359500941581,0.97518161206802,0
22.7,0.481662900783225,25.8507222005278,-1.63831526300973,0.974923049840883,0
22.8,0.48149519840916,25.839491509203,-1.63289801233552,0.974664598551376,0
22.9,0.481329864187918,25.8279994159583,-1.62734864155004,0.974406260887877,0
23,0.481167045269093,25.8162604986464,-1.62166963191195,0.974148039391342,0
23.1,0.481005522913158,25.8042891754075,-1.61586434857924,0.97388993645779,0
23.2,0.480843569470307,25.792099592417,-1.60993963797033,0.973631954340208,0
23.3,0.480679992123018,25.77970528852,-1.60390591046153,0.973374095152844,0
23.4,0.480514746851385,25.7671188726398,-1.59777497326571,0.973116360879013,0
23.5,0.480348824768667,25.7543519134398,-1.59155712674414,0.972858753381164,0
23.6,0.480183562940906,25.7414150951714,-1.58525927450587,0.9726012744107,0
23.7,0.480019841142026,25.728318534908,-1.57888500992809,0.972343925615299,0
23.8,0.479857635505132,25.7150720763874,-1.57243640066061,0.97208670854302,0
23.9,0.479696140289199,25.70168541053,-1.56591625919261,0.971829624644257,0
24,0.479534320184605,25.6881679887329,-1.55932955612089,0.971572675273554,0
24.1,0.479371526982214,25.6745288164599,-1.55268328190575,0.971315861692985,0
24.2,0.479207821780814,25.6607762716798,-1.54598502931579,0.971059185077607,0
24.3,0.47904385467219,25.6469180606062,-1.53924126410556,0.970802646522087,0
24.4,0.478880423588746,25.632961330961,-1.53245631240749,0.970546247046967,0
24.5,0.478718002052836,25.6189128703375,-1.52563256136751,0.970289987603282,0
24.6,0.478556508451888,25.6047792769916,-1.51877161882955,0.970033869075239,0
24.7,0.478395419180488,25.5905670191515,-1.5118756621123,0.969777892281707,0
24.8,0.478234119884363,25.5762823720343,-1.50494819055812,0.969522057977747,0
24.9,0.478072266163859,25.5619312922501,-1.49799383021247,0.969266366857156,0
25,0.477909947198629,25.547519317322,-1.49101742079073,0.969010819556207,0
25.1,0.477747582806126,25.5330515527937,-1.4840229958943,0.96875541665799,0
25.2,0.477585644612255,25.5185327516163,-1.47701325455575,0.968500158696397,0
25.3,0.477424381272207,25.503967437021,-1.46998977026678,0.968245046159036,0
25.4,0.477263703739028,25.489360000835,-1.46295373386287,0.967990079488999,0
25.5,0.477103276672786,25.4747147310279,-1.45590674690702,0.967735259085967,0
25.6,0.476942739130637,25.4600357678122,-1.44885121140994,0.967480585307424,0
25.7,0.476781913292323,25.4453270280854,-1.44179014608203,0.967226058470505,0
25.8,0.476620883775103,25.4305921509455,-1.43472660618979,0.966971678854544,0
25.9,0.476459917928879,25.4158344983834,-1.42766308840385,0.966717446703892,0
26,0.476299291644144,25.4010572094566,-1.42060126453645,0.966463362230457,0
26.1,0.476139131258851,25.3862632757315,-1.41354215921078,0.966209425615552,0
26.2,0.475979359680206,25.3714555973022,-1.40648661966031,0.96595563701106,0
26.3,0.475819764871788,25.3566369944192,-1.39943577758359,0.965701996540255,0
26.4,0.475660136963491,25.3418101778297,-1.39239124348772,0.965448504298719,0
26.5,0.475500387617905,25.3269777038649,-1.3853549574627,0.965195160355664,0
26.6,0.475340585789796,25.3121419456618,-1.37832882508014,0.964941964755644,0
26.7,0.47518089956417,25.2973050987445,-1.37131437392198,0.964688917520389,0
26.8,0.475021488521532,25.2824692172376,-1.36431262603939,0.96443601865042,0
26.9,0.474862413901195,25.2676362598102,-1.35732423500609,0.964183268126226,0
27,0.474703615606625,25.2528081212515,-1.35034977953734,0.963930665909047,0
27.1,0.474544961105988,25.237986636514,-1.34339002935451,0.963678211941464,0
27.2,0.4743863297063,25.2231735611762,-1.33644603689081,0.963425906148085,0
27.3,0.47422767992793,25.2083705450954,-1.32951902521412,0.963173748436471,0
27.4,0.474069063620125,25.1935791177432,-1.32261016213395,0.962921738698282,0
27.5,0.473910585191933,25.1788006947031,-1.31572036440753,0.962669876810467,0
27.6,0.473752335798677,25.1640366014861,-1.30885024140005,0.962418162636293,0
27.7,0.473594343003259,25.1492881012973,-1.30200019485036,0.962166596026106,0
27.8,0.473436562736096,25.1345564126342,-1.2951706003666,0.961915176817847,0
27.9,0.473278913038355,25.119842709988,-1.28836195859917,0.96166390483749,0
28,0.47312132532551,25.1051481112534,-1.28157493475532,0.961412779899531,0
28.1,0.472963781847263,25.0904736625021,-1.27481027849695,0.961161801807637,0
28.2,0.472806319655172,25.075820330896,-1.26806868533174,0.960910970355408,0
28.3,0.472649002856335,25.0611890104968,-1.26135068654276,0.960660285327148,0
28.4,0.472491882785797,25.0465805377193,-1.25465662789351,0.960409746498522,0
28.5,0.472334970255439,25.0319957079954,-1.24798673944723,0.960159353637049,0
28.6,0.472178234240761,25.0174352854665,-1.2413412465796,0.959909106502453,0
28.7,0.472021624567709,25.0029000024109,-1.23472045476135,0.959659004846973,0
28.8,0.471865102777141,24.9883905512931,-1.22812476372336,0.959409048415713,0
28.9,0.471708662585668,24.9739075761151,-1.22155461217873,0.959159236947093,0
29,0.471552329535618,24.9594516692805,-1.21501039368742,0.95890957017335,0
29.1,0.471396142544078,24.9450233762342,-1.2084923957648,0.958660047821038,0
29.2,0.47124013004774,24.9306232053783,-1.20200079477631,0.95841066961145,0
29.3,0.471084295000251,24.9162516380082,-1.19553570340207,0.95816143526094,0
29.4,0.470928616200772,24.9019091335832,-1.18909723784467,0.957912344481158,0
29.5,0.470773063233998,24.8875961288257,-1.18268556463329,0.957663396979271,0
29.6,0.470617614857477,24.8733130327945,-1.17630090331597,0.957414592458211,0
29.7,0.470462269940047,24.8590602220746,-1.16994348932288,0.95716593061698,0
29.8,0.470307045614599,24.8448380396164,-1.16361352344407,0.956917411150984,0
29.9,0.470151965237792,24.8306467982118,-1.15731113878597,0.956669033752353,0
30,0.469997044253767,24.8164867867968,-1.15103640236347,0.956420798110216,0
31,0.468455323428768,24.6766553532129,-1.08982203717278,0.95394616812441,0
32,0.466926914443982,24.54013908796,-1.03141205228564,0.951485356385652,0
33,0.465411723788794,24.4069884225019,-0.975777769943488,0.949038028029413,0
34,0.463909668405937,24.2771768074329,-0.922848097463516,0.946603847344702,0
35,0.462420624833038,24.1506337396279,-0.872528913972522,0.944182483683456,0
36,0.46094447588923,24.0272646943469,-0.824714727045473,0.941773614776128,0
37,0.459481116631472,23.9069630886433,-0.77929551935816,0.939376928484573,0
38,0.458030439743795,23.7896174112496,-0.736160819512516,0.936992123620229,0
39,0.456592335750361,23.6751154202704,-0.695202080434474,0.934618910208419,0
40,0.455166697140946,23.5633465730224,-0.656313993947294,0.932257009428731,0
41,0.453753417879621,23.4542033950858,-0.619395177385851,0.929906153369872,0
42,0.452352392422312,23.3475822115128,-0.584348497563603,0.927566084682206,0
43,0.450963516011232,23.2433834947339,-0.55108117599881,0.925236556177992,0
44,0.449586684891023,23.1415119842387,-0.519504763241019,0.922917330409222,0
45,0.448221796177123,23.0418766722158,-0.489535039282945,0.920608179240799,0
46,0.446868747798901,22.9443907120635,-0.461091873660629,0.918308883429364,0
47,0.445527438530757,22.8489712842145,-0.434099064526252,0.916019232213635,0
48,0.444197767997706,22.7555394400747,-0.408484168704124,0.913739022919382,0
49,0.442879636654009,22.6640199364611,-0.384178330030663,0.911468060580569,0
50,0.441572945776703,22.5743410678197,-0.361116110108079,0.909206157577201,0
51,0.440277597465477,22.486434500471,-0.339235323726104,0.906953133289879,0
52,0.438993494634637,22.4002351112861,-0.318476880180728,0.904708813770725,0
53,0.437720541000303,22.3156808320937,-0.298784631181077,0.902473031430153,0
54,0.4364586410876,22.2327125004274,-0.280105225461234,0.900245624738894,0
55,0.435207700211881,22.1512737169339,-0.262387970113315,0.89802643794461,0
56,0.433967624472914,22.0713107093245,-0.245584698637834,0.895815320802436,0
57,0.432738320761156,21.9927722028395,-0.22964964524263,0.893612128318811,0
58,0.431519696735683,21.9156092970179,-0.214539325372467,0.891416720507929,0
59,0.43031166083014,21.8397753484956,-0.200212422130303,0.889228962160228,0
60,0.429114122239882,21.7652258596071,-0.186629678290172,0.887048722622289,0
61,0.427926990919664,21.6919183725027,-0.173753793703836,0.88487587558761,0
62,0.426750177575452,21.6198123685442,-0.161549327766218,0.882710298897698,0
63,0.425583593659562,21.5488691727116,-0.149982606768197,0.880551874352965,0
64,0.424427151363133,21.479051862784,-0.139021635860682,0.878400487532947,0
65,0.423280763622469,21.4103251830574,-0.128636015322114,0.876256027625378,0
66,0.422144344083158,21.3426554624175,-0.118796861201025,0.874118387263665,0
67,0.421017807118351,21.2760105363048,-0.109476729817887,0.871987462372365,0
68,0.419901067829132,21.2103596727555,-0.10064954576924,0.869863152020265,0
69,0.418794042021514,21.1456735022015,-0.0922905338428894,0.867745358280653,0
70,0.41769664620846,21.0819239506684,-0.0843761542931498,0.865633986098455,0
71,0.416608797602447,21.0190841763109,-0.0768840412659402,0.863528943163871,0
72,0.415530414110726,20.9571285091185,-0.069792944279447,0.861430139792205,0
73,0.414461414327755,20.8960323936465,-0.0630826726883681,0.859337488809569,0
74,0.413401717534451,20.8357723345923,-0.056734042836943,0.85725090544417,0
75,0.412351243689862,20.7763258451088,-0.0507288278871007,0.855170307222903,0
76,0.411309913420904,20.7176713976832,-0.0450497101891539,0.853095613872981,0
77,0.410277648027024,20.6597883774681,-0.0396802359391369,0.851026747228358,0
78,0.40925436946917,20.6026570379464,-0.0346047721543914,0.848963631140693,0
79,0.408240000361476,20.5462584588052,-0.029808465793114,0.846906191394649,0
80,0.407234463973838,20.490574505902,-0.0252772048842829,0.844854355627283,0
81,0.406237684218835,20.4355877932392,-0.0209975816118472,0.842808053251352,0
82,0.405249585651329,20.381281646823,-0.0169568572395768,0.840767215382318,0
83,0.404270093462589,20.327640070327,-0.0131429287755452,0.83873177476888,0
84,0.403299133474189,20.2746477124693,-0.00954429729727999,0.836701665726854,0
85,0.402336632133649,20.2222898360101,-0.00615003786572556,0.83467682407623,0
86,0.40138251650873,20.1705522882925,-0.00294977093474935,0.832657187081252,0
87,0.400436714282931,20.1194214732475,6.63648267462263e-05,0.830642693393375,0
88,0.399499153750899,20.0688843247968,0.00290773833683354,0.828633282996943,0
89,0.398569763811091,20.0189282815753,0.00558325064667178,0.82662889715747,0
90,0.397688451685735,19.9695512187829,0.00821678092720935,0.824629478287013,0
91,0.397032355709448,19.9216203237979,0.0127086415312888,0.822634941979341,0
92,0.396433852319411,19.8774129490956,0.0184051596221013,0.820645027105895,0
93,0.395821525243906,19.8374425355429,0.0230853717425337,0.81865931649976,0
94,0.395202518885474,19.8007361194814,0.0262617995303992,0.816677429830718,0
95,0.394584088115474,19.7662073871319,0.0282935901743962,0.814699097073891,0
96,0.393967357065811,19.733080476787,0.029576606873623,0.81272414193215,0
97,0.393352988018164,19.7008575113622,0.0303908314040252,0.810752451058356,0
98,0.392741937236152,19.6692352382894,0.0309237365428546,0.808783950547924,0
99,0.392134870214833,19.6380404592926,0.0312941116360476,0.806818589847521,0
100,0.391532119614862,19.6071805977685,0.0315711943016648,0.804856331340447,0
101,0.390933842386981,19.5766088059652,0.0317925189886819,0.802897144150473,0
102,0.390340102252068,19.5463022978087,0.0319774192443674,0.800941000748287,0
103,0.389750907754693,19.5162501373907,0.0321354827905102,0.798987875217685,0
104,0.389166240096167,19.4864467953479,0.0322713709560378,0.797037742428551,0
105,0.388586069112645,19.4568889583052,0.0323874275329549,0.795090577675303,0
106,0.388010360193314,19.4275740770224,0.0324850037326995,0.793146356537972,0
107,0.387439077680551,19.398499783207,0.0325650753823502,0.791205054839751,0
108,0.386872186398735,19.3696637017425,0.0326284999323313,0.789266648640338,0
109,0.386309651882749,19.3410634203432,0.0326761048762405,0.78733111423885,0
110,0.385751440221399,19.3126965081038,0.0327087064349961,0.785398428176781,0
111,0.385197517977603,19.2845605404959,0.0327271056206722,0.783468567238585,0
112,0.384647852094827,19.2566531181396,0.0327320803894493,0.781541508450035,0
113,0.3841024098311,19.228971878034,0.0327243796818934,0.779617229075088,0
114,0.383561158729112,19.201514499154,0.0327047202057401,0.777695706611933,0
115,0.383024066603033,19.1742787045845,0.0326737853002571,0.775776918788665,0
116,0.382491101524501,19.147262261707,0.0326322251544591,0.773860843558849,0
117,0.381962231819466,19.1204629813848,0.0325806576435583,0.771947459097131,0
118,0.381437426056075,19.0938787166857,0.0325196696207133,0.770036743794946,0
119,0.380916653053431,19.0675073614196,0.0324498182150274,0.768128676256377,0
120,0.380399881868843,19.0413468486299,0.0323716323517457,0.766223235294148,0
121,0.379887081797642,19.0153951491454,0.0322856140356855,0.764320399925779,0
122,0.379378222377191,18.9896502701636,0.0321922397503045,0.762420149369877,0
123,0.378873273379526,18.9641102539138,0.0320919617058757,0.760522463042566,0
124,0.378372204805905,18.9387731763935,0.0319852090696908,0.75862732055405,0
125,0.377874986896132,18.9136371461516,0.0318723890905378,0.756734701705295,0
126,0.37738159011631,18.8887003031483,0.0317538882206306,0.754844586484832,0
127,0.376891985162975,18.8639608176614,0.0316300731348744,0.752956955065671,0
128,0.376406142955377,18.8394168892428,0.0315012917184051,0.751071787802323,0
129,0.375924034604574,18.8150667456669,0.0313678737570104,0.749189065227922,0
130,0.375445631527577,18.7909086417732,0.0312301323779807,0.747308768051465,0
131,0.374970905327832,18.7669408592959,0.0310883651133497,0.745430877155121,0
132,0.374499827790181,18.7431617057865,0.0309428534120879,0.743555373591577,0
133,0.374032370934219,18.7195695133147,0.0307938640927333,0.741682238581535,0
134,0.373568507005939,18.6961626377631,0.0306416503270198,0.739811453511293,0
135,0.373108208458595,18.6729394582132,0.030486452234708,0.737942999930395,0
136,0.372651447959232,18.649898376269,0.0303284974466841,0.736076859549345,0
137,0.372198198384316,18.6270378153819,0.0301680017354382,0.73421301423739,0
138,0.371748432821134,18.6043562201968,0.0300051696030997,0.732351446020366,0
139,0.371302124559858,18.581852055919,0.029840194811313,0.730492137078611,0
140,0.370859247099853,18.5595238077261,0.0296732609818643,0.728635069744939,0
141,0.370419774140746,18.5373699802063,0.0295045420624972,0.726780226502672,0
142,0.369983679587005,18.5153890968003,0.0293342027796079,0.724927589983725,0
143,0.369550937541574,18.4935796992864,0.0291623991805284,0.72307714296675,0
144,0.36912152230778,18.4719403472911,0.0289892790008504,0.721228868375322,0
145,0.368695408382669,18.4504696178111,0.0288149820992197,0.719382749276182,0
146,0.368272570463823,18.4291661047577,0.0286396408716655,0.717538768877522,0
147,0.367852983440103,18.4080284185283,0.0284633805927517,0.715696910527315,0
148,0.367436622389794,18.3870551855903,0.0282863197923375,0.713857157711688,0
149,0.367023462589766,18.3662450480772,0.0281085705850727,0.712019494053334,0
150,0.366613479498351,18.3455966634173,0.0279302390004909,0.710183903309964,0
151,0.366206648768114,18.3251087039627,0.027751425280938,0.708350369372799,0
152,0.365802946233845,18.3047798566441,0.0275722241691954,0.706518876265092,0
153,0.365402347918786,18.2846088226327,0.0273927252029646,0.704689408140688,0
154,0.365004830025495,18.264594317024,0.0272130129511928,0.702861949282616,0
155,0.364610368942198,18.2447350685265,0.0270331672657421,0.701036484101712,0
156,0.36421894123928,18.2250298191597,0.0268532635471743,0.699212997135275,0
157,0.363830523659975,18.2054773239884,0.0266733729520297,0.697391473045745,0
158,0.363445093131615,18.1860763508356,0.0264935625777061,0.695571896619416,0
159,0.363062626756833,18.1668256800221,0.0263138957194815,0.693754252765176,0
160,0.362683101810579,18.1477241041211,0.026134432020379,0.69193852651326,0
161,0.362306495745113,18.128770427711,0.0259552276816292,0.690124703014049,0
162,0.361932786182462,18.1099634671503,0.0257763356305794,0.688312767536873,0
163,0.361561950915446,18.0913020503475,0.0255978056641348,0.686502705468846,0
164,0.361193967912182,18.0727850165523,0.0254196846491701,0.684694502313724,0
165,0.360828815299796,18.0544112161438,0.0252420166249187,0.682888143690779,0
166,0.360466471381343,18.0361795104285,0.0250648429692152,0.681083615333698,0
167,0.360106914622332,18.0180887714527,0.0248882025587188,0.679280903089497,0
168,0.359750123650437,18.0001378818222,0.024712131852251,0.677479992917459,0
169,0.359396077262175,17.9823257345175,0.0245366650315651,0.675680870888088,0
170,0.359044754409127,17.9646512327246,0.024361834124486,0.673883523182074,0
171,0.358696134208525,17.9471132896636,0.0241876691027935,0.672087936089289,0
172,0.358350195938245,17.929710828432,0.0240141979879454,0.670294096007787,0
173,0.358006919031528,17.9124427818506,0.0238414469818916,0.668501989442823,0
174,0.357666283076996,17.8953080923183,0.0236694405111747,0.666711603005893,0
175,0.357328267824109,17.8783057116548,0.0234982013340098,0.664922923413778,0
176,0.356992853174964,17.8614346009688,0.02332775066965,0.663135937487612,0
177,0.356660019183264,17.8446937305225,0.0231581082028327,0.66135063215196,0
178,0.356329746056427,17.8280820796022,0.0229892922273513,0.65956699443391,0
179,0.356002014154877,17.811598636381,0.0228213196757709,0.657785011462172,0
180,0.355676803984684,17.7952423978073,0.0226542062198195,0.656004670466202,0
181,0.355354096207849,17.7790123694778,0.0224879663177968,0.654225958775328,0
182,0.35503387162506,17.7629075655251,0.0223226132935588,0.652448863817889,0
183,0.35471611119211,17.7469270085088,0.022158159357974,0.650673373120388,0
184,0.354400796002718,17.7310697292928,0.021994615720576,0.648899474306659,0
185,0.354087907302014,17.7153347669507,0.021831992605507,0.647127155097035,0
186,0.353777426473667,17.6997211686631,0.0216702993199315,0.645356403307537,0
187,0.353469335044565,17.6842279896153,0.0215095442915804,0.643587206849066,0
188,0.353163614682711,17.6688542928983,0.0213497351173288,0.641819553726609,0
189,0.35286024719704,17.6535991494072,0.0211908786030487,0.640053432038454,0
190,0.352559214534626,17.6384616377551,0.0210329808378823,0.63828882997541,0
191,0.352260498782681,17.6234408441942,0.0208760471880396,0.636525735820046,0
192,0.351964082159484,17.6085358625084,0.0207200823585268,0.634764137945925,0
193,0.351669947023869,17.5937457939383,0.0205650904248288,0.633004024816858,0
194,0.351378075870046,17.5790697470949,0.0204110748655306,0.631245384986165,0
195,0.351088451320408,17.564506837879,0.0202580386090073,0.629488207095938,0
196,0.350801056137895,17.5500561893972,0.0201059840263578,0.62773247987632,0
197,0.350515873210949,17.5357169318922,0.0199549130189012,0.625978192144784,0
198,0.350232885559959,17.521488202663,0.0198048269690224,0.624225332805425,0
199,0.349952076338805,17.507369145983,0.0196557268684634,0.622473890848261,0
200,0.349673428825448,17.4933589130426,0.01950761323131,0.620723855348533,0
201,0.349396926425116,17.4794566618617,0.0193604862018443,0.618975215466025,0
202,0.349122552673548,17.4656615572312,0.0192143455297403,0.617227960444376,0
203,0.348850291231939,17.4519727706396,0.0190691906206593,0.615482079610413,0
204,0.348580125883835,17.438389480207,0.0189250205436744,0.61373756237348,0
205,0.348312040536114,17.4249108706197,0.0187818340405396,0.611994398224782,0
206,0.34804601922202,17.4115361330659,0.0186396295711993,0.610252576736729,0
207,0.347782046096096,17.3982644651766,0.0184984052964343,0.608512087562289,0
208,0.347520105431753,17.3850950709523,0.018358159132635,0.606772920434348,0
209,0.347260181621967,17.3720271607178,0.0182188887280358,0.605035065165078,0
210,0.347002259183837,17.3590599510442,0.0180805915072735,0.603298511645301,0
211,0.346746322747871,17.3461926647065,0.0179432646714807,0.601563249843873,0
212,0.346492357064404,17.3334245306183,0.0178069052367894,0.599829269807068,0
213,0.346240346996451,17.3207547837727,0.0176715099803525,0.59809656165796,0
214,0.345990277532088,17.3081826651923,0.017537075552445,0.596365115595825,0
215,0.345742133760291,17.2957074218789,0.0174035983884472,0.594634921895536,0
216,0.345495900899812,17.2833283067424,0.0172710747825707,0.592905970906968,0
217,0.345251564272514,17.2710445785577,0.0171395008924505,0.591178253054414,0
218,0.345009109308503,17.2588555019242,0.0170088727316883,0.589451758835998,0
219,0.344768521561967,17.2467603471917,0.0168791861516637,0.587726478823095,0
220,0.344529786681236,17.2347583904168,0.0167504369207211,0.586002403659758,0
221,0.344292890446912,17.2228489133225,0.0166226206966785,0.584279524062154,0
222,0.344057818723592,17.2110312032594,0.0164957330311715,0.582557830817993,0
223,0.343824557499633,17.1993045531096,0.0163697693305682,0.580837314785974,0
224,0.343593092868777,17.1876682612924,0.0162447249718482,0.57911796689523,0
225,0.343363411028053,17.1761216316828,0.0161205952282624,0.57739977814478,0
226,0.343135498275227,17.1646639735813,0.0159973753039519,0.575682739602983,0
227,0.342909341018416,17.1532946016649,0.0158750603032645,0.573966842406998,0
228,0.342684925778503,17.1420128359304,0.0157536452873994,0.572252077762252,0
229,0.342485097267675,17.1161611230588,0.0156852010497806,0.570538704101961,0
230,0.342474755032535,17.0648895854392,0.0171943948234695,0.568829652847975,0
231,0.342535096249408,17.0137716319353,0.0201599362806247,0.567125721064511,0
232,0.342602529743641,16.9628068024913,0.0227156618108749,0.565426893416377,0
233,0.342680066728496,16.9119946384255,0.0243078739682303,0.563733154614185,0
234,0.34276945422379,16.8613346824279,0.0250828196059898,0.562044489414265,0
235,0.34286724707574,16.8108264785581,0.0252460060852663,0.560360882618603,0
236,0.342970540312121,16.7604695722414,0.024956160451128,0.558682319074713,0
237,0.343077671735315,16.710263510265,0.0243417276514774,0.557008783675502,0
238,0.343187494277086,16.6602078407739,0.0235051775644935,0.55534026135913,0
239,0.343299117014306,16.6103021132664,0.0225238638074349,0.553676737108879,0
240,0.343411880390299,16.5605458785904,0.0214544192042187,0.552018195953015,0
241,0.343525309584553,16.5109386889395,0.0203378679515846,0.550364622964651,0
242,0.34363906020739,16.4614800978485,0.0192036653320441,0.548716003261617,0
243,0.343752883569265,16.4121696601896,0.0180726985417238,0.547072322006321,0
244,0.343866602647119,16.3630069321687,0.0169595485289145,0.545433564405622,0
245,0.343980093056856,16.3139914713206,0.0158741830823072,0.543799715710687,0
246,0.344093269069518,16.265122836506,0.0148232070614658,0.542170761216868,0
247,0.34420607347852,16.2164005879068,0.013810781769113,0.540546686263561,0
248,0.344318469847127,16.1678242870224,0.0128392997067098,0.538927476234081,0
249,0.344430436754062,16.1193934966658,0.0119098799879029,0.537313116555526,0
250,0.34454196355565,16.0711077809594,0.011022732571333,0.535703592698647,0
251,0.344653047320481,16.0229667053316,0.0101774264021907,0.53409889017772,0
252,0.344763690515121,15.9749698365123,0.00937308649621691,0.532498994550411,0
253,0.344873899370779,15.9271167425294,0.00860853838999093,0.530903891417648,0
254,0.344983682632816,15.8794069927047,0.00788241373945947,0.529313566423492,0
255,0.345093050682121,15.8318401576502,0.00719322690098606,0.527728005255006,0
256,0.345202014894391,15.784415809264,0.00653943040214578,0.526147193642132,0
257,0.345310587162945,15.7371335207304,0.00591945465744751,0.524571117357678,0
258,0.345418779552675,15.6899928665048,0.00533173605173386,0.522999762216825,0
259,0.345526604074986,15.6429934223208,0.0047747364850322,0.521433114077361,0
260,0.345634072540696,15.5961347651833,0.00424695708566755,0.519871158839443,0
261,0.345741196410337,15.5494164733638,0.00374694696224735,0.518313882445461,0
262,0.345847986738373,15.5028381263976,0.0032733087864415,0.516761270879918,0
263,0.345954454137415,15.456399305079,0.00282470190367805,0.515213310169301,0
264,0.346060608726628,15.4100995914585,0.00239984391098402,0.513669986381951,0
265,0.346166460143849,15.3639385688383,0.00199751076522005,0.512131285627945,0
266,0.346272017527272,15.3179158217689,0.0016165361867837,0.510597194058965,0
267,0.34637728953838,15.2720309360453,0.00125581044320293,0.509067697868177,0
268,0.346482284354371,15.2262834987032,0.000914278608407982,0.507542783290105,0
269,0.346587009699778,15.1806730980152,0.000590938740524471,0.506022436600508,0
270,0.346691472851252,15.1351993234877,0.000284839746070563,0.504506644116255,0
271,0.346795680666195,15.0898617658561,-4.92071997806095e-06,0.502995392195204,0
272,0.346899639593246,15.0446600170823,-0.000279198453550619,0.501488667236077,0
273,0.347003355687125,14.9995936703502,-0.000538804873082623,0.499986455678339,0
274,0.347106834643307,14.9546623200623,-0.000784509148057516,0.498488744002078,0
275,0.347210081805843,14.9098655618363,-0.00101704025329058,0.496995518727876,0
276,0.347313102180613,14.8652029925009,-0.00123708897987301,0.495506766416697,0
277,0.347415900463927,14.8206742100928,-0.00144530990649551,0.49402247366976,0
278,0.34751848105502,14.7762788138526,-0.00164232318652769,0.49254262712842,0
279,0.347620848067492,14.7320164042215,-0.00182871637106958,0.491067213474049,0
280,0.347723005351502,14.6878865828374,-0.00200504606901344,0.489596219427913,0
281,0.347824956505338,14.6438889525317,-0.00217183958847337,0.488129631751057,0
282,0.347926704882046,14.6000231173254,-0.00232959642772777,0.48666743724418,0
283,0.348028253621518,14.5562886824257,-0.00247878975582095,0.485209622747524,0
284,0.348129605636527,14.5126852542224,-0.00261986781755614,0.483756175140746,0
285,0.348230763658453,14.4692124402843,-0.00275325519320706,0.48230708134281,0
286,0.34833173021287,14.4258698493559,-0.0028793540834807,0.480862328311862,0
287,0.348432507651253,14.3826570913535,-0.00299854549022871,0.479421903045115,0
288,0.348533098161657,14.3395737773619,-0.00311119030166,0.477985792578731,0
289,0.348633503768803,14.2966195196312,-0.00321763039130117,0.476553983987706,0
290,0.348733726349554,14.2537939315726,-0.0033181895780056,0.475126464385754,0
291,0.348833767635132,14.2110966277557,-0.00341317467509579,0.473703220925188,0
292,0.348933629236314,14.1685272239042,-0.00350287624503377,0.472284240796808,0
293,0.349033312622665,14.1260853368935,-0.00358756957232515,0.470869511229784,0
294,0.349132819153813,14.0837705847461,-0.00366751544864028,0.469459019491538,0
295,0.349232150083478,14.0415825866291,-0.003742960918759,0.468052752887637,0
296,0.349331306551687,13.9995209628501,-0.00381413997810733,0.466650698761671,0
297,0.349430289602631,13.9575853348543,-0.00388127433301455,0.465252844495143,0
298,0.349529100194512,13.9157753252207,-0.0039445740334575,0.463859177507357,0
299,0.349627739184111,13.874090557659,-0.00400423802581889,0.4624696852553,0
300,0.349726207371154,13.832530657006,-0.00406045482351701,0.461084355233532,0
301,0.349824505450097,13.7910952492222,-0.00411340300208978,0.459703174974074,0
302,0.349922634067557,13.7497839613888,-0.00416325174532146,0.458326132046292,0
303,0.35002059378349,13.7085964217038,-0.00421016135534701,0.456953214056794,0
304,0.350118385105608,13.6675322594792,-0.00425428369667182,0.455584408649306,0
305,0.3502160084837,13.6265911051371,-0.00429576264062539,0.454219703504571,0
306,0.350313464308971,13.585772590207,-0.00433473452489427,0.452859086340234,0
307,0.350410752914665,13.5450763473219,-0.00437132849379376,0.451502544910731,0
308,0.350507874588002,13.5045020102154,-0.00440566696507507,0.450150067007179,0
309,0.350604829584966,13.4640492137181,-0.00443786587306931,0.448801640457269,0
310,0.350701618094496,13.4237175937546,-0.00446803509437357,0.447457253125153,0
311,0.350798240282058,13.3835067873401,-0.00449627875535762,0.446116892911335,0
312,0.350894696278997,13.343416432577,-0.00452269551566666,0.444780547752566,0
313,0.350990986165073,13.3034461686519,-0.00454737883485999,0.443448205621729,0
314,0.351087110004311,13.263595635832,-0.0045704173310053,0.442119854527735,0
315,0.351183067819288,13.2238644754625,-0.0045918949424424,0.440795482515417,0
316,0.351278859617904,13.1842523299625,-0.00461189124287789,0.439475077665417,0
317,0.351374485373512,13.1447588428225,-0.00463048160096917,0.438158628094084,0
318,0.351469945026917,13.1053836586008,-0.00464773748931359,0.43684612195336,0
319,0.351565238516505,13.0661264229205,-0.00466372664091458,0.435537547430682,0
320,0.351660365747103,13.0269867824662,-0.00467851321642356,0.434232892748872,0
321,0.351755326608688,12.9879643849808,-0.00469215806473704,0.432932146166027,0
322,0.351850120968483,12.9490588792626,-0.00470471884449021,0.431635295975421,0
323,0.351944748683919,12.9102699151618,-0.00471625022117808,0.430342330505392,0
324,0.352039209602789,12.8715971435773,-0.00472680399250946,0.429053238119242,0
325,0.352133503550145,12.833040216454,-0.00473642925713987,0.427768007215132,0
326,0.352227630336743,12.7945987867792,-0.00474517259412318,0.426486626225973,0
327,0.352321589772159,12.7562725085799,-0.00475307814240863,0.425209083619332,0
328,0.352415381651011,12.7180610369193,-0.00476018772371462,0.423935367897311,0
329,0.352509005761975,12.6799640278939,-0.00476654102160542,0.422665467596465,0
330,0.352602461877266,12.6419811386304,-0.00477217564119409,0.421399371287679,0
331,0.352695749770815,12.6041120272824,-0.00477712725917181,0.42013706757608,0
332,0.352788869215448,12.5663563530278,-0.00478142968709637,0.418878545100925,0
333,0.352881819954359,12.5287137760651,-0.00478511500077013,0.417623792535505,0
334,0.352974601755429,12.4911839576111,-0.00478821360757765,0.416372798587036,0
335,0.3530672143706,12.4537665598969,-0.00479075432622601,0.415125551996564,0
336,0.353159657532987,12.4164612461659,-0.00479276452583229,0.413882041538863,0
337,0.353251931001214,12.3792676806699,-0.00479427018106659,0.41264225602233,0
338,0.353344034513253,12.3421855286666,-0.00479529585602474,0.411406184288886,0
339,0.35343596780687,12.3052144564163,-0.00479586491765922,0.410173815213878,0
340,0.353527730621883,12.2683541311793,-0.00479599952466973,0.408945137705977,0
341,0.353619322703475,12.2316042212122,-0.00479572066735614,0.407720140707074,0
342,0.353710743786356,12.1949643957657,-0.0047950482909636,0.406498813192191,0
343,0.353801993606284,12.1584343250811,-0.0047940012945531,0.405281144169371,0
344,0.353893071911593,12.1220136803875,-0.00479259765751367,0.404067122679584,0
345,0.35398397843,12.0857021338989,-0.00479085438019304,0.402856737796629,0
346,0.354074712913593,12.049499358811,-0.00478878766278317,0.401649978627033,0
347,0.354165275102253,12.0134050292987,-0.00478641282718874,0.400446834309956,0
348,0.354255664743641,11.9774188205127,-0.00478374446019112,0.399247294017091,0
349,0.354345881581036,11.941540408577,-0.00478079637278592,0.398051346952567,0
350,0.354435925365593,11.9057694705856,-0.00477758171123681,0.396858982352853,0
351,0.354525795854083,11.8701056845998,-0.0047741129352866,0.39567018948666,0
352,0.354615492800042,11.8345487296453,-0.0047704018967152,0.394484957654843,0
353,0.354705015959239,11.7990982857093,-0.00476645981491382,0.393303276190309,0
354,0.354794365094535,11.7637540337374,-0.0047622973885271,0.392125134457914,0
355,0.354883539976875,11.7285156556313,-0.00475792477340019,0.390950521854376,0
356,0.354972540369597,11.6933828342452,-0.00475335159207878,0.389779427808175,0
357,0.355061366046566,11.6583552533836,-0.00474858702274226,0.388611841779454,0
358,0.355150016792488,11.623432597798,-0.00474363975984392,0.387447753259933,0
359,0.355238492379328,11.5886145531842,-0.00473851805795882,0.386287151772807,0
360,0.355326792597205,11.5539008061796,-0.00473322982617355,0.385130026872654,0
361,0.35541491723467,11.5192910443603,-0.00472778251051956,0.383976368145342,0
362,0.355502866087465,11.4847849562381,-0.00472218321379065,0.382826165207937,0
363,0.35559063895092,11.4503822312581,-0.00471643872256744,0.381679407708603,0
364,0.355678235633478,11.4160825597954,-0.00471055545765737,0.380536085326514,0
365,0.35576565593986,11.3818856331529,-0.00470453952242096,0.379396187771762,0
366,0.355852899682751,11.3477911435578,-0.00469839677235204,0.378259704785261,0
367,0.355939966686697,11.3137987841597,-0.00469213272770058,0.377126626138657,0
368,0.35602685676529,11.279908249027,-0.00468575264448151,0.375996941634234,0
369,0.356113569748079,11.2461192331447,-0.00467926156807244,0.374870641104823,0
370,0.356200105473831,11.2124314324114,-0.00467266427703779,0.373747714413713,0
371,0.356286463775141,11.1788445436367,-0.00466596530971274,0.372628151454556,0
372,0.356372644491088,11.1453582645383,-0.00465916900637227,0.371511942151277,0
373,0.356458647474078,11.1119722937396,-0.0046522795268512,0.370399076457987,0
374,0.356544472581422,11.0786863307665,-0.00464530077723419,0.369289544358884,0
375,0.356630119663048,11.0455000760452,-0.00463823651494716,0.368183335868173,0
376,0.356715588582873,11.0124132308991,-0.00463109031984498,0.36708044102997,0
377,0.356800879214286,10.9794254975464,-0.00462386562398012,0.365980849918215,0
378,0.356885991426847,10.9465365790974,-0.00461656567045779,0.364884552636579,0
379,0.356970925095251,10.9137461795514,-0.00460919356664088,0.36379153931838,0
380,0.357055680108564,10.8810540037947,-0.00460175227730739,0.362701800126492,0
381,0.357140256356342,10.8484597575976,-0.00459424462333032,0.361615325253253,0
382,0.357224653725652,10.8159631476114,-0.00458667333316296,0.360532104920381,0
383,0.357308872122014,10.7835638813666,-0.00457904097057432,0.359452129378888,0
384,0.357392911442767,10.7512616672696,-0.00457134999353298,0.358375388908985,0
385,0.357476771600196,10.7190562146001,-0.0045636028020071,0.357301873820002,0
386,0.357560452513461,10.6869472335089,-0.00455580161218467,0.356231574450296,0
387,0.357643954091241,10.6549344350149,-0.00454794858429697,0.355164481167164,0
388,0.357727276265535,10.6230175310028,-0.00454004582219399,0.35410058436676,0
389,0.357810418965421,10.5911962342202,-0.00453209523706877,0.353039874474006,0
390,0.357893382120217,10.5594702582752,-0.00452409875454152,0.351982341942506,0
391,0.357976165666624,10.5278393176338,-0.00451605819414991,0.350927977254459,0
392,0.358058769556174,10.4963031276173,-0.00450797529279141,0.349876770920575,0
393,0.358141193732392,10.4648614043998,-0.00449985168402552,0.348828713479993,0
394,0.358223438153321,10.4335138650056,-0.00449168897148926,0.347783795500187,0
395,0.358305502770678,10.4022602273066,-0.00448348870368034,0.346742007576888,0
396,0.358387387553921,10.3711002100199,-0.00447525232815589,0.345703340333997,0
397,0.358469092465263,10.3400335327051,-0.00446698126048077,0.344667784423503,0
398,0.358550617485587,10.3090599157619,-0.00445867684795302,0.343635330525396,0
399,0.358631962584649,10.2781790804275,-0.00445034039021567,0.342605969347582,0
400,0.358713127743798,10.2473907487742,-0.00444197314630691,0.341579691625806,0
401,0.358794112955296,10.2166946437068,-0.00443357630534902,0.34055648812356,0
402,0.358874918207869,10.1860904889602,-0.00442515101494279,0.339536349632006,0
403,0.358955543497425,10.1555780090968,-0.00441669840653,0.338519266969892,0
404,0.359035988824491,10.1251569295039,-0.00440821953438994,0.337505230983465,0
405,0.359116254190373,10.0948269763919,-0.00439971541778233,0.336494232546395,0
406,0.359196339607054,10.0645878767907,-0.0043911870764541,0.33548626255969,0
407,0.359276245093026,10.0344393585484,-0.00438263545005949,0.334481311951612,0
408,0.359355970656283,10.004381150328,-0.00437406144385912,0.333479371677601,0
409,0.359435516323559,9.97441298160556,-0.00436546597757625,0.332480432720185,0
410,0.359514882120743,9.94453458266726,-0.00435684989745225,0.331484486088909,0
411,0.359594068082714,9.91474568460734,-0.00434821403003288,0.330491522820245,0
412,0.359673074236089,9.88504601932552,-0.00433955916443286,0.329501533977517,0
413,0.359751900624611,9.8554353195246,-0.00433088611235857,0.32851451065082,0
414,0.359830547298695,9.82591331870809,-0.00432219558637093,0.327530443956936,0
415,0.359909014289622,9.79647975117775,-0.00431348830706894,0.326549325039258,0
416,0.359987301654713,9.76713435203129,-0.00430476499768482,0.32557114506771,0
417,0.36006540945539,9.73787685715994,-0.0042960263352124,0.324595895238665,0
418,0.360143337747243,9.70870700324603,-0.00428727295738874,0.323623566774868,0
419,0.360221086587781,9.67962452776071,-0.00427850552300141,0.322654150925357,0
420,0.360298656051627,9.65062916896148,-0.0042697246307546,0.321687638965383,0
421,0.360376046206795,9.62172066588993,-0.00426093087958248,0.320724022196331,0
422,0.360453257117066,9.5928987583693,-0.00425212487791622,0.319763291945643,0
423,0.360530288883243,9.56416318700226,-0.00424330716677959,0.318805439566742,0
424,0.360607141573405,9.53551369316846,-0.00423447828904263,0.317850456438949,0
425,0.36068381526797,9.50695001902226,-0.00422563877082089,0.316898333967409,0
426,0.360760310064812,9.47847190749043,-0.00421678916439315,0.315949063583014,0
427,0.360836626047933,9.45007910226973,-0.00420792994358566,0.315002636742324,0
428,0.360912763323973,9.42177134782476,-0.0041990616036715,0.314059044927492,0
429,0.360988721983385,9.39354838938552,-0.00419018464661697,0.313118279646184,0
430,0.361064502139119,9.36540997294519,-0.00418129949020882,0.312180332431506,0
431,0.361140103892488,9.33735584525785,-0.00417240659948751,0.311245194841928,0
432,0.361215527347647,9.30938575383612,-0.00416350646051013,0.310312858461204,0
433,0.361290772632161,9.28149944694903,-0.00415459944168182,0.309383314898301,0
434,0.361365839843142,9.25369667361963,-0.00414568597136305,0.308456555787321,0
435,0.361440729113038,9.22597718362273,-0.00413676651268798,0.307532572787424,0
436,0.361515440565474,9.19834072748279,-0.00412784139722054,0.30661135758276,0
437,0.361589974322979,9.17078705647149,-0.00411891106588169,0.305692901882383,0
438,0.36166433052417,9.14331592260559,-0.0041099758492194,0.304777197420186,0
439,0.361738509281828,9.11592707864474,-0.00410103615113373,0.303864235954825,0
440,0.361812510740445,9.08862027808912,-0.00409209234691195,0.302954009269637,0
441,0.361886335046802,9.06139527517734,-0.00408314475329516,0.302046509172578,0
442,0.361959982336318,9.03425182488422,-0.00407419372840197,0.301141727496141,0
443,0.362033452750832,9.00718968291852,-0.00406523963543912,0.300239656097284,0
444,0.3621067464401,8.98020860572076,-0.00405628277263521,0.299340286857359,0
445,0.362179863557494,8.95330835046108,-0.00404732350560963,0.298443611682036,0
446,0.362252804249608,8.92648867503697,-0.00403836213175222,0.297549622501232,0
447,0.362325568681565,8.8997493380712,-0.00402939894197723,0.29665831126904,0
448,0.362398156994714,8.87309009890954,-0.00402043426151663,0.295769669963652,0
449,0.362470569369522,8.8465107176187,-0.00401146840102313,0.29488369058729,0
450,0.362542805964711,8.82001095498402,-0.00400250163822773,0.294000365166134,0
451,0.362614866938488,8.79359057250747,-0.00399353426394222,0.293119685750249,0
452,0.362686752468605,8.76724933240544,-0.00398456654640622,0.292241644413515,0
453,0.362758462724039,8.74098699760657,-0.003975598800182,0.291366233253552,0
454,0.362829997881042,8.7148033317497,-0.00396663127426317,0.290493444391657,0
455,0.362901358116469,8.68869809918164,-0.00395766422739078,0.289623269972721,0
456,0.362972543614881,8.66267106495512,-0.00394869792852123,0.288755702165171,0
457,0.363043554541537,8.63672199482668,-0.00393973261171782,0.287890733160889,0
458,0.363114391095415,8.6108506552545,-0.00393076860354871,0.28702835517515,0
459,0.363185053464748,8.58505681339633,-0.00392180604075079,0.286168560446544,0
460,0.363255541822272,8.55934023710742,-0.00391284525572398,0.285311341236914,0
461,0.363325856382851,8.53370069493842,-0.00390388645821938,0.284456689831281,0
462,0.363395997327459,8.5081379561333,-0.00389492988196033,0.283604598537777,0
463,0.363465964844545,8.48265179062722,-0.00388597577126948,0.282755059687574,0
464,0.363535759157191,8.45724196904452,-0.00387702431638102,0.281908065634817,0
465,0.36360538043782,8.43190826269665,-0.00386807577712535,0.281063608756555,0
466,0.363674828900518,8.40665044358003,-0.00385913037582621,0.280221681452668,0
467,0.36374410476025,8.38146828437414,-0.00385018828799954,0.279382276145805,0
468,0.363813208206232,8.3563615584394,-0.00384124973411034,0.278545385281313,0
469,0.363882139455668,8.3313300398151,-0.00383231496791184,0.27771100132717,0
470,0.36395089872473,8.3063735032174,-0.00382338418466679,0.276879116773913,0
471,0.364019486223227,8.28149172403728,-0.00381445755041864,0.276049724134576,0
472,0.364087902163607,8.2566844783386,-0.0038055352720604,0.27522281594462,0
473,0.364156146764588,8.23195154285594,-0.0037966175932967,0.274398384761865,0
474,0.364224220249842,8.20729269499274,-0.0037877046215643,0.273576423166425,0
475,0.364292122831811,8.18270771281921,-0.00377879661204347,0.27275692376064,0
476,0.364359854732549,8.15819637507034,-0.00376989374211975,0.271939879169011,0
477,0.364427416190682,8.13375846114389,-0.00376099617790969,0.27112528203813,0
478,0.364494807415611,8.10939375109851,-0.00375210409556277,0.270313125036617,0
479,0.364562028646725,8.08510202565163,-0.00374321772347934,0.269503400855054,0
480,0.364629080113887,8.06088306617756,-0.00373433718683663,0.268696102205919,0
481,0.364695962047334,8.03673665470553,-0.00372546266472209,0.267891221823518,0
482,0.364762674677205,8.01266257391761,-0.00371659432433328,0.26708875246392,0
483,0.364829218244939,7.98866060714695,-0.0037077323703818,0.266288686904898,0
484,0.36489559298255,7.96473053837568,-0.0036988769094152,0.265491017945856,0
485,0.364961799124452,7.94087215223303,-0.00369002816180771,0.264695738407768,0
486,0.36502783692291,7.91708523399333,-0.00368118627528325,0.263902841133111,0
487,0.365093706618791,7.89336956957419,-0.00367235136067838,0.263112318985806,0
488,0.36515940843766,7.86972494553448,-0.00366352362382114,0.262324164851149,0
489,0.365224942648679,7.84615114907241,-0.00365470321597015,0.261538371635747,0
490,0.365290309484351,7.82264796802366,-0.00364589024436941,0.260754932267455,0
491,0.365355509188764,7.79921519085939,-0.00363708489500023,0.259973839695313,0
492,0.365420542022732,7.77585260668448,-0.00362828732188995,0.259195086889483,0
493,0.365485408232918,7.75256000523557,-0.00361949763936988,0.258418666841186,0
494,0.36555010807367,7.729337176879,-0.00361071598823491,0.257644572562634,0
495,0.365614641791762,7.70618391260922,-0.0036019425537345,0.256872797086974,0
496,0.365679009649295,7.68310000404665,-0.00359317741540976,0.256103333468222,0
497,0.365743211896291,7.66008524343601,-0.0035844207492127,0.2553361747812,0
498,0.365807248803113,7.63713942364426,-0.00357567269145399,0.254571314121475,0
499,0.365871120612682,7.61426233815885,-0.00356693332830336,0.253808744605295,0
500,0.365934827593367,7.5914537810859,-0.00355820286770009,0.25304845936953,0
